<?xml version="1.0" encoding="utf-8"?>
<GameData>
	<LocalizedText>
		<!-- CSE -->
		<Replace Tag='LOC_ROSETTA_MEHRGARH_XSCX_CIVILIZATION_CSE_MEHRGARH'     Text='Mehrgarh'     Language='en_US'     />
		<Replace Tag='LOC_ROSETTA_GERMA_XSCX_CIVILIZATION_CSE_GARAMA'     Text='Garama'     Language='en_US'     />
		<Replace Tag='LOC_ROSETTA_CATALHOYUK_XSCX_CIVILIZATION_CSE_CATALHOYUK'     Text='Çatalhöyük'     Language='en_US'     />
		<Replace Tag='LOC_ROSETTA_GOBEKLI_TEPE_XSCX_CIVILIZATION_CSE_GOBEKLI_TEPE'     Text='Göbeklitepe'     Language='en_US'     />
		<Replace Tag='LOC_ROSETTA_ALEPPO_XSCX_CIVILIZATION_CSE_HADAD'     Text='Hadad'     Language='en_US'     />
		<Replace Tag='LOC_ROSETTA_KADESH_XSCX_CIVILIZATION_CSE_KADESH'     Text='Qadeš'     Language='en_US'     />


		<!-- Simeon -->
		<Replace Tag='LOC_ROSETTA_POMORIE_XSCX_LEADER_MER_SIMEON_I'     Text='Anhialo'     Language='en_US'     />
		<Replace Tag='LOC_ROSETTA_STARA_ZAGORA_XSCX_LEADER_MER_SIMEON_I'     Text='Boruy'     Language='en_US'     />
		<Replace Tag='LOC_ROSETTA_IVAYLOVGRAD_XSCX_LEADER_MER_SIMEON_I'     Text='Lyutitsa'     Language='en_US'     />
		<Replace Tag='LOC_ROSETTA_VELIKO_TARNOVO_XSCX_LEADER_MER_SIMEON_I'     Text='Tarnovgrad'     Language='en_US'     />
		<Replace Tag='LOC_ROSETTA_KYUSTENDIL_XSCX_LEADER_MER_SIMEON_I'     Text='Velbazhd'     Language='en_US'     />
		<!-- Bayinnaung -->
		<Replace Tag='LOC_ROSETTA_PINYA_XSCX_LEADER_SUK_BAYINNAUNG'     Text='Wizayapura'     Language='en_US'     />
		<!-- Early English -->
		<Replace Tag='LOC_ROSETTA_MOBILE_XSCX_EARLY_ENG'     Text='Fort Charlotte'     Language='en_US'     />
		<Replace Tag='LOC_ROSETTA_QUANZHOU_XSCX_EARLY_ENG'     Text='Zayton'     Language='en_US'     />
		<Replace Tag='LOC_ROSETTA_THUNDER_BAY_XSCX_EARLY_ENG'     Text='Fort William'     Language='en_US'     />
		<Replace Tag='LOC_ROSETTA_MONCTON_XSCX_EARLY_ENG'     Text='The Elbow'     Language='en_US'     />
		<Replace Tag='LOC_ROSETTA_WRANGELL_XSCX_EARLY_ENG'     Text='Fort Stikine'     Language='en_US'     />
		<Replace Tag='LOC_ROSETTA_WESTON_SUPER_MARE_XSCX_EARLY_ENG'     Text='Weston-juxta-Mare'     Language='en_US'     />
		<Replace Tag='LOC_ROSETTA_HUNIN_XSCX_EARLY_ENG'     Text='Castel Neuf'     Language='en_US'     />
		<Replace Tag='LOC_ROSETTA_SHOUBAK_XSCX_EARLY_ENG'     Text='Montreal'     Language='en_US'     />
		<Replace Tag='LOC_ROSETTA_WELSHPOOL_XSCX_EARLY_ENG'     Text='Pool'     Language='en_US'     />
		<Replace Tag='LOC_ROSETTA_BRECON_XSCX_EARLY_ENG'     Text='Brecknock'     Language='en_US'     />
		<Replace Tag='LOC_ROSETTA_PORTLAND_XSCX_EARLY_ENG'     Text='Falmouth'     Language='en_US'     />
		<Replace Tag='LOC_ROSETTA_ALEXANDRETTA_XSCX_EARLY_ENG'     Text='Alexandretta'     Language='en_US'     />
		<Replace Tag='LOC_ROSETTA_GRAVINA_XSCX_EARLY_ENG'     Text='Garaynone'     Language='en_US'     />
		<Replace Tag='LOC_ROSETTA_SALISBURY_XSCX_EARLY_ENG'     Text='New Sarum'     Language='en_US'     />
		<Replace Tag='LOC_ROSETTA_PIACENZA_XSCX_EARLY_ENG'     Text='Plaisance'     Language='en_US'     />
		<Replace Tag='LOC_ROSETTA_STOCKPORT_XSCX_EARLY_ENG'     Text='Stokeport'     Language='en_US'     />
		<Replace Tag='LOC_ROSETTA_PLYMOUTH_XSCX_EARLY_ENG'     Text='Sutton'     Language='en_US'     />
		<Replace Tag='LOC_ROSETTA_KINGSTON_UPON_HULL_XSCX_EARLY_ENG'     Text='Wyke'     Language='en_US'     />
		<Replace Tag='LOC_ROSETTA_A_CORUNA_XSCX_EARLY_ENG'     Text='The Groyne'     Language='en_US'     />
		<Replace Tag='LOC_ROSETTA_BEAUVAIS_XSCX_EARLY_ENG'     Text='Beawayes'     Language='en_US'     />
		<Replace Tag='LOC_ROSETTA_PRINCE_GEORGE_XSCX_EARLY_ENG'     Text='Fort George'     Language='en_US'     />
		<Replace Tag='LOC_ROSETTA_KINGS_LYNN_XSCX_EARLY_ENG'     Text='Bishop’s Lynn'     Language='en_US'     />
		<Replace Tag='LOC_ROSETTA_BLACKPOOL_XSCX_EARLY_ENG'     Text='Black Poole'     Language='en_US'     />
		<Replace Tag='LOC_ROSETTA_OTTAWA_XSCX_EARLY_ENG'     Text='Bytown'     Language='en_US'     />
		<Replace Tag='LOC_ROSETTA_PORT_ROYAL_XSCX_EARLY_ENG'     Text='Cagway'     Language='en_US'     />
		<Replace Tag='LOC_ROSETTA_DOUALA_XSCX_EARLY_ENG'     Text='Cameroons Town'     Language='en_US'     />
		<Replace Tag='LOC_ROSETTA_CHARLESTON_XSCX_EARLY_ENG'     Text='Charles Town'     Language='en_US'     />
		<Replace Tag='LOC_ROSETTA_JACKSONVILLE_XSCX_EARLY_ENG'     Text='Cow Ford'     Language='en_US'     />
		<Replace Tag='LOC_ROSETTA_SHERBROOKE_XSCX_EARLY_ENG'     Text='Hyatt’s Mills'     Language='en_US'     />
		<Replace Tag='LOC_ROSETTA_REGINA_XSCX_EARLY_ENG'     Text='Pile-of-Bones'     Language='en_US'     />
		<Replace Tag='LOC_ROSETTA_JAMESTOWN_XSCX_EARLY_ENG'     Text='James Towne'     Language='en_US'     />
		<Replace Tag='LOC_ROSETTA_ELIZABETH_XSCX_EARLY_ENG'     Text='Elizabethtown'     Language='en_US'     />
		<Replace Tag='LOC_ROSETTA_PITTSBURGH_XSCX_EARLY_ENG'     Text='Fort Pitt'     Language='en_US'     />
		<Replace Tag='LOC_ROSETTA_BRIDGETOWN_XSCX_EARLY_ENG'     Text='Saint Michael'     Language='en_US'     />
		<Replace Tag='LOC_ROSETTA_DEVONPORT_XSCX_EARLY_ENG'     Text='Plymouth Dock'     Language='en_US'     />
		<Replace Tag='LOC_ROSETTA_LE_HAVRE_XSCX_EARLY_ENG'     Text='Newhaven'     Language='en_US'     />
		<Replace Tag='LOC_ROSETTA_CANCUN_XSCX_EARLY_ENG'     Text='Cancoon'     Language='en_US'     />
		<Replace Tag='LOC_ROSETTA_BULLHEAD_CITY_XSCX_EARLY_ENG'     Text='Hardyville'     Language='en_US'     />
		<Replace Tag='LOC_ROSETTA_HEFEI_XSCX_EARLY_ENG'     Text='Luchow'     Language='en_US'     />
		<Replace Tag='LOC_ROSETTA_TORONTO_XSCX_EARLY_ENG'     Text='York'     Language='en_US'     />
		<Replace Tag='LOC_ROSETTA_LAWRENCE_XSCX_EARLY_ENG'     Text='Merrimac'     Language='en_US'     />
		<Replace Tag='LOC_ROSETTA_NANTUCKET_XSCX_EARLY_ENG'     Text='Sherburne'     Language='en_US'     />
		<Replace Tag='LOC_ROSETTA_AUSTIN_XSCX_EARLY_ENG'     Text='Waterloo'     Language='en_US'     />
		<Replace Tag='LOC_ROSETTA_CHATTANOOGA_XSCX_EARLY_ENG'     Text='Ross’s Landing'     Language='en_US'     />
		<Replace Tag='LOC_ROSETTA_HAMILTON_LANARKSHIRE_XSCX_EARLY_ENG'     Text='Cadzow'     Language='en_US'     />
		<!-- Early Modern English -->
		<Replace Tag='LOC_ROSETTA_MOBILE_XSCX_EM_ENG'     Text='Fort Charlotte'     Language='en_US'     />
		<Replace Tag='LOC_ROSETTA_QUANZHOU_XSCX_EM_ENG'     Text='Zayton'     Language='en_US'     />
		<Replace Tag='LOC_ROSETTA_THUNDER_BAY_XSCX_EM_ENG'     Text='Fort William'     Language='en_US'     />
		<Replace Tag='LOC_ROSETTA_MONCTON_XSCX_EM_ENG'     Text='The Elbow'     Language='en_US'     />
		<Replace Tag='LOC_ROSETTA_WRANGELL_XSCX_EM_ENG'     Text='Fort Stikine'     Language='en_US'     />
		<Replace Tag='LOC_ROSETTA_WELSHPOOL_XSCX_EM_ENG'     Text='Pool'     Language='en_US'     />
		<Replace Tag='LOC_ROSETTA_BRECON_XSCX_EM_ENG'     Text='Brecknock'     Language='en_US'     />
		<Replace Tag='LOC_ROSETTA_PORTLAND_XSCX_EM_ENG'     Text='Falmouth'     Language='en_US'     />
		<Replace Tag='LOC_ROSETTA_ALEXANDRETTA_XSCX_EM_ENG'     Text='Alexandretta'     Language='en_US'     />
		<Replace Tag='LOC_ROSETTA_A_CORUNA_XSCX_EM_ENG'     Text='The Groyne'     Language='en_US'     />
		<Replace Tag='LOC_ROSETTA_BEAUVAIS_XSCX_EM_ENG'     Text='Beawayes'     Language='en_US'     />
		<Replace Tag='LOC_ROSETTA_PRINCE_GEORGE_XSCX_EM_ENG'     Text='Fort George'     Language='en_US'     />
		<Replace Tag='LOC_ROSETTA_KINGS_LYNN_XSCX_EM_ENG'     Text='Bishop’s Lynn'     Language='en_US'     />
		<Replace Tag='LOC_ROSETTA_BLACKPOOL_XSCX_EM_ENG'     Text='Black Poole'     Language='en_US'     />
		<Replace Tag='LOC_ROSETTA_OTTAWA_XSCX_EM_ENG'     Text='Bytown'     Language='en_US'     />
		<Replace Tag='LOC_ROSETTA_PORT_ROYAL_XSCX_EM_ENG'     Text='Cagway'     Language='en_US'     />
		<Replace Tag='LOC_ROSETTA_DOUALA_XSCX_EM_ENG'     Text='Cameroons Town'     Language='en_US'     />
		<Replace Tag='LOC_ROSETTA_CHARLESTON_XSCX_EM_ENG'     Text='Charles Town'     Language='en_US'     />
		<Replace Tag='LOC_ROSETTA_JACKSONVILLE_XSCX_EM_ENG'     Text='Cow Ford'     Language='en_US'     />
		<Replace Tag='LOC_ROSETTA_SHERBROOKE_XSCX_EM_ENG'     Text='Hyatt’s Mills'     Language='en_US'     />
		<Replace Tag='LOC_ROSETTA_REGINA_XSCX_EM_ENG'     Text='Pile-of-Bones'     Language='en_US'     />
		<Replace Tag='LOC_ROSETTA_JAMESTOWN_XSCX_EM_ENG'     Text='James Towne'     Language='en_US'     />
		<Replace Tag='LOC_ROSETTA_ELIZABETH_XSCX_EM_ENG'     Text='Elizabethtown'     Language='en_US'     />
		<Replace Tag='LOC_ROSETTA_PITTSBURGH_XSCX_EM_ENG'     Text='Fort Pitt'     Language='en_US'     />
		<Replace Tag='LOC_ROSETTA_BRIDGETOWN_XSCX_EM_ENG'     Text='Saint Michael'     Language='en_US'     />
		<Replace Tag='LOC_ROSETTA_DEVONPORT_XSCX_EM_ENG'     Text='Plymouth Dock'     Language='en_US'     />
		<Replace Tag='LOC_ROSETTA_LE_HAVRE_XSCX_EM_ENG'     Text='Newhaven'     Language='en_US'     />
		<Replace Tag='LOC_ROSETTA_CANCUN_XSCX_EM_ENG'     Text='Cancoon'     Language='en_US'     />
		<Replace Tag='LOC_ROSETTA_BULLHEAD_CITY_XSCX_EM_ENG'     Text='Hardyville'     Language='en_US'     />
		<Replace Tag='LOC_ROSETTA_HEFEI_XSCX_EM_ENG'     Text='Luchow'     Language='en_US'     />
		<Replace Tag='LOC_ROSETTA_TORONTO_XSCX_EM_ENG'     Text='York'     Language='en_US'     />
		<Replace Tag='LOC_ROSETTA_LAWRENCE_XSCX_EM_ENG'     Text='Merrimac'     Language='en_US'     />
		<Replace Tag='LOC_ROSETTA_NANTUCKET_XSCX_EM_ENG'     Text='Sherburne'     Language='en_US'     />
		<Replace Tag='LOC_ROSETTA_AUSTIN_XSCX_EM_ENG'     Text='Waterloo'     Language='en_US'     />
		<Replace Tag='LOC_ROSETTA_CHATTANOOGA_XSCX_EM_ENG'     Text='Ross’s Landing'     Language='en_US'     />
		<!-- Henry VII -->
		<Replace Tag='LOC_ROSETTA_WESTON_SUPER_MARE_XSCX_LEADER_ANT_HENRY_TUDOR'     Text='Weston'     Language='en_US'     />
		<!-- Elizabeth -->
		<Replace Tag='LOC_ROSETTA_WESTON_SUPER_MARE_XSCX_LEADER_JFD_ELIZABETH'     Text='Weston on the More'     Language='en_US'     />
		<!-- Early US -->
		<Replace Tag='LOC_ROSETTA_MOBILE_XSCX_EARLY_US'     Text='Fort Charlotte'     Language='en_US'     />
		<Replace Tag='LOC_ROSETTA_QUANZHOU_XSCX_EARLY_US'     Text='Zayton'     Language='en_US'     />
		<Replace Tag='LOC_ROSETTA_THUNDER_BAY_XSCX_EARLY_US'     Text='Fort William'     Language='en_US'     />
		<Replace Tag='LOC_ROSETTA_MONCTON_XSCX_EARLY_US'     Text='The Elbow'     Language='en_US'     />
		<Replace Tag='LOC_ROSETTA_WRANGELL_XSCX_EARLY_US'     Text='Fort Stikine'     Language='en_US'     />
		<Replace Tag='LOC_ROSETTA_ALEXANDRETTA_XSCX_EARLY_US'     Text='Alexandretta'     Language='en_US'     />
		<Replace Tag='LOC_ROSETTA_PRINCE_GEORGE_XSCX_EARLY_US'     Text='Fort George'     Language='en_US'     />
		<Replace Tag='LOC_ROSETTA_KINGS_LYNN_XSCX_EARLY_US'     Text='Bishop’s Lynn'     Language='en_US'     />
		<Replace Tag='LOC_ROSETTA_BLACKPOOL_XSCX_EARLY_US'     Text='Black Poole'     Language='en_US'     />
		<Replace Tag='LOC_ROSETTA_OTTAWA_XSCX_EARLY_US'     Text='Bytown'     Language='en_US'     />
		<Replace Tag='LOC_ROSETTA_DOUALA_XSCX_EARLY_US'     Text='Cameroons Town'     Language='en_US'     />
		<Replace Tag='LOC_ROSETTA_SHERBROOKE_XSCX_EARLY_US'     Text='Hyatt’s Mills'     Language='en_US'     />
		<Replace Tag='LOC_ROSETTA_REGINA_XSCX_EARLY_US'     Text='Pile-of-Bones'     Language='en_US'     />
		<Replace Tag='LOC_ROSETTA_ELIZABETH_XSCX_EARLY_US'     Text='Elizabethtown'     Language='en_US'     />
		<Replace Tag='LOC_ROSETTA_DEVONPORT_XSCX_EARLY_US'     Text='Plymouth Dock'     Language='en_US'     />
		<Replace Tag='LOC_ROSETTA_LE_HAVRE_XSCX_EARLY_US'     Text='Newhaven'     Language='en_US'     />
		<Replace Tag='LOC_ROSETTA_BIRR_XSCX_EARLY_US'     Text='Parsonstown'     Language='en_US'     />
		<Replace Tag='LOC_ROSETTA_CANCUN_XSCX_EARLY_US'     Text='Cancoon'     Language='en_US'     />
		<Replace Tag='LOC_ROSETTA_BULLHEAD_CITY_XSCX_EARLY_US'     Text='Hardyville'     Language='en_US'     />
		<Replace Tag='LOC_ROSETTA_HEFEI_XSCX_EARLY_US'     Text='Luchow'     Language='en_US'     />
		<Replace Tag='LOC_ROSETTA_TORONTO_XSCX_EARLY_US'     Text='York'     Language='en_US'     />
		<Replace Tag='LOC_ROSETTA_LAWRENCE_XSCX_EARLY_US'     Text='Merrimac'     Language='en_US'     />
		<Replace Tag='LOC_ROSETTA_AUSTIN_XSCX_EARLY_US'     Text='Waterloo'     Language='en_US'     />
		<Replace Tag='LOC_ROSETTA_CHATTANOOGA_XSCX_EARLY_US'     Text='Ross’s Landing'     Language='en_US'     />
		<!-- Washington -->
		<Replace Tag='LOC_ROSETTA_NANTUCKET_XSCX_LEADER_GEDEMO_WASHINGTON'     Text='Sherburne'     Language='en_US'     />
		<!-- 19th Century English -->
		<Replace Tag='LOC_ROSETTA_THUNDER_BAY_XSCX_19TH_ENG'     Text='Fort William'     Language='en_US'     />
		<Replace Tag='LOC_ROSETTA_WRANGELL_XSCX_19TH_ENG'     Text='Fort Stikine'     Language='en_US'     />
		<Replace Tag='LOC_ROSETTA_ALEXANDRETTA_XSCX_19TH_ENG'     Text='Alexandretta'     Language='en_US'     />
		<Replace Tag='LOC_ROSETTA_PRINCE_GEORGE_XSCX_19TH_ENG'     Text='Fort George'     Language='en_US'     />
		<Replace Tag='LOC_ROSETTA_DOUALA_XSCX_19TH_ENG'     Text='Cameroons Town'     Language='en_US'     />
		<Replace Tag='LOC_ROSETTA_ELIZABETH_XSCX_19TH_ENG'     Text='Elizabethtown'     Language='en_US'     />
		<Replace Tag='LOC_ROSETTA_DAEJEON_XSCX_19TH_ENG'     Text='Kung-tsiou'     Language='en_US'     />
		<Replace Tag='LOC_ROSETTA_DUNLEARY_XSCX_19TH_ENG'     Text='Kingstown'     Language='en_US'     />
		<Replace Tag='LOC_ROSETTA_LEIPZIG_XSCX_19TH_ENG'     Text='Leipzig'     Language='en_US'     />
		<Replace Tag='LOC_ROSETTA_OSNABRUCK_XSCX_19TH_ENG'     Text='Osnabrück'     Language='en_US'     />
		<!-- Lincoln -->
		<Replace Tag='LOC_ROSETTA_BRUNSWICK_TOWN_XSCX_LEADER_GEDEMO_LINCOLN'     Text='Fort Anderson'     Language='en_US'     />
		<Replace Tag='LOC_ROSETTA_REGINA_XSCX_LEADER_GEDEMO_LINCOLN'     Text='Pile-of-Bones'     Language='en_US'     />
		<!-- 20th Century English -->
		<Replace Tag='LOC_ROSETTA_SANTIAGO_DEL_ESTERO_XSCX_20TH_ENG'     Text='Santiago del Estero'     Language='en_US'     />
		<Replace Tag='LOC_ROSETTA_HERAKLION_XSCX_20TH_ENG'     Text='Heraklion'     Language='en_US'     />
		<Replace Tag='LOC_ROSETTA_CAMBRAI_XSCX_20TH_ENG'     Text='Cambrai'     Language='en_US'     />
		<Replace Tag='LOC_ROSETTA_ALEXANDRETTA_XSCX_20TH_ENG'     Text='Alexandretta'     Language='en_US'     />
		<Replace Tag='LOC_ROSETTA_TANANA_XSCX_20TH_ENG'     Text='Fort Gibbon'     Language='en_US'     />
		<Replace Tag='LOC_ROSETTA_EAGLE_VILLAGE_XSCX_20TH_ENG'     Text='Johnny’s'     Language='en_US'     />
		<Replace Tag='LOC_ROSETTA_BARROW_IN_FURNESS_XSCX_20TH_ENG'     Text='Barrow-in-Furness'     Language='en_US'     />
		<Replace Tag='LOC_ROSETTA_BLUFF_XSCX_20TH_ENG'     Text='Campbelltown'     Language='en_US'     />
		<Replace Tag='LOC_ROSETTA_BINDURA_XSCX_20TH_ENG'     Text='Kimberley Reefs'     Language='en_US'     />
		<Replace Tag='LOC_ROSETTA_COBH_XSCX_20TH_ENG'     Text='Queenstown'     Language='en_US'     />
		<Replace Tag='LOC_ROSETTA_DUNLEARY_XSCX_20TH_ENG'     Text='Kingstown'     Language='en_US'     />
		<Replace Tag='LOC_ROSETTA_DARWIN_XSCX_20TH_ENG'     Text='Palmerston'     Language='en_US'     />
		<Replace Tag='LOC_ROSETTA_LEIPZIG_XSCX_20TH_ENG'     Text='Leipzig'     Language='en_US'     />
		<Replace Tag='LOC_ROSETTA_OSNABRUCK_XSCX_20TH_ENG'     Text='Osnabrück'     Language='en_US'     />
		<Replace Tag='LOC_ROSETTA_STUDIO_CITY_XSCX_20TH_ENG'     Text='Laurelwood'     Language='en_US'     />
		<!-- WW2 English -->
		<Replace Tag='LOC_ROSETTA_KENORA_XSCX_WW2_ENG'     Text='Kenora'     Language='en_US'     />
		<Replace Tag='LOC_ROSETTA_ISTANBUL_XSCX_WW2_ENG'     Text='Istanbul'     Language='en_US'     />
		<Replace Tag='LOC_ROSETTA_CHANGCHUN_XSCX_WW2_ENG'     Text='Hsinking'     Language='en_US'     />
		<Replace Tag='LOC_ROSETTA_STOKE_UPON_TRENT_XSCX_WW2_ENG'     Text='Stoke-on-Trent'     Language='en_US'     />
		<Replace Tag='LOC_ROSETTA_SANTIAGO_DEL_ESTERO_XSCX_WW2_ENG'     Text='Santiago del Estero'     Language='en_US'     />
		<Replace Tag='LOC_ROSETTA_HERAKLION_XSCX_WW2_ENG'     Text='Heraklion'     Language='en_US'     />
		<Replace Tag='LOC_ROSETTA_CAMBRAI_XSCX_WW2_ENG'     Text='Cambrai'     Language='en_US'     />
		<Replace Tag='LOC_ROSETTA_YOSHKAR_OLA_XSCX_WW2_ENG'     Text='Yoshkar-Ola'     Language='en_US'     />
		<Replace Tag='LOC_ROSETTA_ALEXANDRETTA_XSCX_WW2_ENG'     Text='Alexandretta'     Language='en_US'     />
		<Replace Tag='LOC_ROSETTA_GRAND_WINDSOR_XSCX_WW2_ENG'     Text='Grand Falls-Windsor'     Language='en_US'     />
		<Replace Tag='LOC_ROSETTA_KITCHENER_XSCX_WW2_ENG'     Text='Kitchener'     Language='en_US'     />
		<Replace Tag='LOC_ROSETTA_EDIRNE_XSCX_WW2_ENG'     Text='Edirne'     Language='en_US'     />
		<Replace Tag='LOC_ROSETTA_BARROW_IN_FURNESS_XSCX_WW2_ENG'     Text='Barrow-in-Furness'     Language='en_US'     />
		<Replace Tag='LOC_ROSETTA_LEIPZIG_XSCX_WW2_ENG'     Text='Leipzig'     Language='en_US'     />
		<Replace Tag='LOC_ROSETTA_OSNABRUCK_XSCX_WW2_ENG'     Text='Osnabrück'     Language='en_US'     />
		<!-- Attlee -->
		<Replace Tag='LOC_ROSETTA_CHANGCHUN_XSCX_LEADER_ANT_ATTLEE'     Text='Changchun'     Language='en_US'     />
		<Replace Tag='LOC_ROSETTA_ZHANJIANG_XSCX_LEADER_ANT_ATTLEE'     Text='Zhanjiang'     Language='en_US'     />
		<!-- Mid-20th English -->
		<Replace Tag='LOC_ROSETTA_KENORA_XSCX_MID_20_ENG'     Text='Kenora'     Language='en_US'     />
		<Replace Tag='LOC_ROSETTA_ISTANBUL_XSCX_MID_20_ENG'     Text='Istanbul'     Language='en_US'     />
		<Replace Tag='LOC_ROSETTA_THUNDER_BAY_XSCX_MID_20_ENG'     Text='Fort William'     Language='en_US'     />
		<Replace Tag='LOC_ROSETTA_STOKE_UPON_TRENT_XSCX_MID_20_ENG'     Text='Stoke-on-Trent'     Language='en_US'     />
		<Replace Tag='LOC_ROSETTA_SANTIAGO_DEL_ESTERO_XSCX_MID_20_ENG'     Text='Santiago del Estero'     Language='en_US'     />
		<Replace Tag='LOC_ROSETTA_HERAKLION_XSCX_MID_20_ENG'     Text='Heraklion'     Language='en_US'     />
		<Replace Tag='LOC_ROSETTA_CAMBRAI_XSCX_MID_20_ENG'     Text='Cambrai'     Language='en_US'     />
		<Replace Tag='LOC_ROSETTA_ZHANJIANG_XSCX_MID_20_ENG'     Text='Zhanjiang'     Language='en_US'     />
		<Replace Tag='LOC_ROSETTA_YOSHKAR_OLA_XSCX_MID_20_ENG'     Text='Yoshkar-Ola'     Language='en_US'     />
		<Replace Tag='LOC_ROSETTA_GRAND_WINDSOR_XSCX_MID_20_ENG'     Text='Grand Falls Windsor'     Language='en_US'     />
		<Replace Tag='LOC_ROSETTA_KITCHENER_XSCX_MID_20_ENG'     Text='Kitchener'     Language='en_US'     />
		<Replace Tag='LOC_ROSETTA_EDIRNE_XSCX_MID_20_ENG'     Text='Edirne'     Language='en_US'     />
		<Replace Tag='LOC_ROSETTA_SHAWINIGAN_XSCX_MID_20_ENG'     Text='Shawinigan'     Language='en_US'     />
		<Replace Tag='LOC_ROSETTA_BARROW_IN_FURNESS_XSCX_MID_20_ENG'     Text='Barrow-in-Furness'     Language='en_US'     />
		<Replace Tag='LOC_ROSETTA_LEIPZIG_XSCX_MID_20_ENG'     Text='Leipzig'     Language='en_US'     />
		<Replace Tag='LOC_ROSETTA_OSNABRUCK_XSCX_MID_20_ENG'     Text='Osnabrück'     Language='en_US'     />
		<Replace Tag='LOC_ROSETTA_BRATISLAVA_XSCX_MID_20_ENG'     Text='Bratislava'     Language='en_US'     />
		<!-- Contemporary English -->
		<Replace Tag='LOC_ROSETTA_KENORA_XSCX_CONTEMP_ENG'     Text='Kenora'     Language='en_US'     />
		<Replace Tag='LOC_ROSETTA_GABORONE_XSCX_CONTEMP_ENG'     Text='Gaborone'     Language='en_US'     />
		<Replace Tag='LOC_ROSETTA_ISTANBUL_XSCX_CONTEMP_ENG'     Text='Istanbul'     Language='en_US'     />
		<Replace Tag='LOC_ROSETTA_STOKE_UPON_TRENT_XSCX_CONTEMP_ENG'     Text='Stoke-on-Trent'     Language='en_US'     />
		<Replace Tag='LOC_ROSETTA_SANTIAGO_DEL_ESTERO_XSCX_CONTEMP_ENG'     Text='Santiago del Estero'     Language='en_US'     />
		<Replace Tag='LOC_ROSETTA_HERAKLION_XSCX_CONTEMP_ENG'     Text='Heraklion'     Language='en_US'     />
		<Replace Tag='LOC_ROSETTA_CAMBRAI_XSCX_CONTEMP_ENG'     Text='Cambrai'     Language='en_US'     />
		<Replace Tag='LOC_ROSETTA_ZHANJIANG_XSCX_CONTEMP_ENG'     Text='Zhanjiang'     Language='en_US'     />
		<Replace Tag='LOC_ROSETTA_YOSHKAR_OLA_XSCX_CONTEMP_ENG'     Text='Yoshkar-Ola'     Language='en_US'     />
		<Replace Tag='LOC_ROSETTA_GRAND_WINDSOR_XSCX_CONTEMP_ENG'     Text='Grand Falls Windsor'     Language='en_US'     />
		<Replace Tag='LOC_ROSETTA_MISSISSAUGA_XSCX_CONTEMP_ENG'     Text='Mississauga'     Language='en_US'     />
		<Replace Tag='LOC_ROSETTA_BANJUL_XSCX_CONTEMP_ENG'     Text='Bathurst'     Language='en_US'     />
		<Replace Tag='LOC_ROSETTA_DANDONG_XSCX_CONTEMP_ENG'     Text='Dandong'     Language='en_US'     />
		<Replace Tag='LOC_ROSETTA_SHENYANG_XSCX_CONTEMP_ENG'     Text='Shenyang'     Language='en_US'     />
		<Replace Tag='LOC_ROSETTA_KITCHENER_XSCX_CONTEMP_ENG'     Text='Kitchener'     Language='en_US'     />
		<Replace Tag='LOC_ROSETTA_BEIJING_XSCX_CONTEMP_ENG'     Text='Beijing'     Language='en_US'     />
		<Replace Tag='LOC_ROSETTA_EDIRNE_XSCX_CONTEMP_ENG'     Text='Edirne'     Language='en_US'     />
		<Replace Tag='LOC_ROSETTA_TIMBUKTU_XSCX_CONTEMP_ENG'     Text='Timbuktu'     Language='en_US'     />
		<Replace Tag='LOC_ROSETTA_SHAWINIGAN_XSCX_CONTEMP_ENG'     Text='Shawinigan'     Language='en_US'     />
		<Replace Tag='LOC_ROSETTA_BARROW_IN_FURNESS_XSCX_CONTEMP_ENG'     Text='Barrow-in-Furness'     Language='en_US'     />
		<Replace Tag='LOC_ROSETTA_LEIPZIG_XSCX_CONTEMP_ENG'     Text='Leipzig'     Language='en_US'     />
		<Replace Tag='LOC_ROSETTA_OSNABRUCK_XSCX_CONTEMP_ENG'     Text='Osnabrück'     Language='en_US'     />
		<!-- Trump -->
		<Replace Tag='LOC_ROSETTA_SAINT_LIN_LAURENTIDES_XSCX_LEADER_JFD_TRUMP'     Text='Saint-Lin-Laurentides'     Language='en_US'     />
		<!-- Ezana -->
		<Replace Tag='LOC_ROSETTA_LALIBELA_XSCX_LEADER_SUK_EZANA'     Text='Roha'     Language='en_US'     />
		<Replace Tag='LOC_ROSETTA_DARA_ETHIOPIA_XSCX_LEADER_SUK_EZANA'     Text='’Addi Galamo'     Language='en_US'     />
		<Replace Tag='LOC_ROSETTA_KEBRI_MANGEST_XSCX_LEADER_SUK_EZANA'     Text='Ādola'     Language='en_US'     />
		<Replace Tag='LOC_ROSETTA_JIMMA_XSCX_LEADER_SUK_EZANA'     Text='Hirmata'     Language='en_US'     />
		<!-- Zara Yaqob -->
		<Replace Tag='LOC_ROSETTA_KEBRI_MANGEST_XSCX_LEADER_SUK_ZARAYAQOB'     Text='Ādola'     Language='en_US'     />
		<Replace Tag='LOC_ROSETTA_JIMMA_XSCX_LEADER_SUK_ZARAYAQOB'     Text='Hirmata'     Language='en_US'     />
		<!-- Mannerheim -->
		<Replace Tag='LOC_ROSETTA_YOSHKAR_OLA_XSCX_LEADER_MER_MANNERHEIM'     Text='Joškar-Ola'     Language='en_US'     />
		<Replace Tag='LOC_ROSETTA_PELLO_XSCX_LEADER_MER_MANNERHEIM'     Text='Turtola'     Language='en_US'     />
		<!-- Old French -->
		<Replace Tag='LOC_ROSETTA_MISSOULA_XSCX_OLD_FRENCH'     Text='Porte de l’Enfer'     Language='en_US'     />
		<Replace Tag='LOC_ROSETTA_CHARLOTTETOWN_XSCX_OLD_FRENCH'     Text='Port La Joye'     Language='en_US'     />
		<Replace Tag='LOC_ROSETTA_MOBILE_XSCX_OLD_FRENCH'     Text='Fort Louis de la Louisiane'     Language='en_US'     />
		<Replace Tag='LOC_ROSETTA_MONTREAL_XSCX_OLD_FRENCH'     Text='Fort Ville-Marie'     Language='en_US'     />
		<Replace Tag='LOC_ROSETTA_SAULT_SAINTE_MARIE_XSCX_OLD_FRENCH'     Text='Sault de Gaston'     Language='en_US'     />
		<Replace Tag='LOC_ROSETTA_SEES_XSCX_OLD_FRENCH'     Text='Séez'     Language='en_US'     />
		<Replace Tag='LOC_ROSETTA_QUANZHOU_XSCX_OLD_FRENCH'     Text='Zayton'     Language='en_US'     />
		<Replace Tag='LOC_ROSETTA_THUNDER_BAY_XSCX_OLD_FRENCH'     Text='Fort Camanistigoyan'     Language='en_US'     />
		<Replace Tag='LOC_ROSETTA_KINGSTON_XSCX_OLD_FRENCH'     Text='Fort Frontenac'     Language='en_US'     />
		<Replace Tag='LOC_ROSETTA_MONCTON_XSCX_OLD_FRENCH'     Text='Le Coude'     Language='en_US'     />
		<Replace Tag='LOC_ROSETTA_GREEN_BAY_XSCX_OLD_FRENCH'     Text='La Baie des Puants'     Language='en_US'     />
		<Replace Tag='LOC_ROSETTA_ALBA_LA_ROMAINE_XSCX_OLD_FRENCH'     Text='Aps'     Language='en_US'     />
		<Replace Tag='LOC_ROSETTA_LE_HAVRE_XSCX_OLD_FRENCH'     Text='Le Havre-de-Grâce'     Language='en_US'     />
		<Replace Tag='LOC_ROSETTA_MEMPHIS_TENNESSEE_XSCX_OLD_FRENCH'     Text='Fort de L’Assomption'     Language='en_US'     />
		<!-- Francois I -->
		<Replace Tag='LOC_ROSETTA_LE_HAVRE_XSCX_LEADER_GEDEMO_FRANCOIS'     Text='Franciscopolis'     Language='en_US'     />
		<!-- Rev French -->
		<Replace Tag='LOC_ROSETTA_MISSOULA_XSCX_REV_FRENCH'     Text='Porte de l’Enfer'     Language='en_US'     />
		<Replace Tag='LOC_ROSETTA_CHARLOTTETOWN_XSCX_REV_FRENCH'     Text='Port La Joye'     Language='en_US'     />
		<Replace Tag='LOC_ROSETTA_MOBILE_XSCX_REV_FRENCH'     Text='Fort Condé de la Mobille'     Language='en_US'     />
		<Replace Tag='LOC_ROSETTA_MONTREAL_XSCX_REV_FRENCH'     Text='Fort Ville-Marie'     Language='en_US'     />
		<Replace Tag='LOC_ROSETTA_SAULT_SAINTE_MARIE_XSCX_REV_FRENCH'     Text='Sault de Gaston'     Language='en_US'     />
		<Replace Tag='LOC_ROSETTA_SEES_XSCX_REV_FRENCH'     Text='Séez'     Language='en_US'     />
		<Replace Tag='LOC_ROSETTA_QUANZHOU_XSCX_REV_FRENCH'     Text='Zayton'     Language='en_US'     />
		<Replace Tag='LOC_ROSETTA_THUNDER_BAY_XSCX_REV_FRENCH'     Text='Fort Camanistigoyan'     Language='en_US'     />
		<Replace Tag='LOC_ROSETTA_KINGSTON_XSCX_REV_FRENCH'     Text='Fort Frontenac'     Language='en_US'     />
		<Replace Tag='LOC_ROSETTA_MONCTON_XSCX_REV_FRENCH'     Text='Le Coude'     Language='en_US'     />
		<Replace Tag='LOC_ROSETTA_GREEN_BAY_XSCX_REV_FRENCH'     Text='La Baie des Puants'     Language='en_US'     />
		<Replace Tag='LOC_ROSETTA_ALBA_LA_ROMAINE_XSCX_REV_FRENCH'     Text='Aps'     Language='en_US'     />
		<!-- Napoleon -->
		<Replace Tag='LOC_ROSETTA_PORT_PRINCE_XSCX_LEADER_GEDEMO_NAPOLEON'     Text='Port-Républicain'     Language='en_US'     />
		<!-- Modern French -->
		<Replace Tag='LOC_ROSETTA_ALBA_LA_ROMAINE_XSCX_MOD_FRENCH'     Text='Aps'     Language='en_US'     />
		<Replace Tag='LOC_ROSETTA_CLERMONT_FERRAND_XSCX_MOD_FRENCH'     Text='Clermont-Ferrand'     Language='en_US'     />
		<Replace Tag='LOC_ROSETTA_CHALONS_EN_CHAMPAGNE_XSCX_MOD_FRENCH'     Text='Châlons-sur-Marne'     Language='en_US'     />
		<Replace Tag='LOC_ROSETTA_PORTAGE_LA_PRAIRIE_XSCX_MOD_FRENCH'     Text='Portage la Prairie'     Language='en_US'     />
		<Replace Tag='LOC_ROSETTA_OTTAWA_XSCX_MOD_FRENCH'     Text='Ottawa'     Language='en_US'     />
		<Replace Tag='LOC_ROSETTA_GUSTAVIA_XSCX_MOD_FRENCH'     Text='Gustavia'     Language='en_US'     />
		<Replace Tag='LOC_ROSETTA_COTES_DE_FER_XSCX_MOD_FRENCH'     Text='Côtes-de-Fer'     Language='en_US'     />
		<Replace Tag='LOC_ROSETTA_DESSALINES_XSCX_MOD_FRENCH'     Text='Dessalines'     Language='en_US'     />
		<!-- DeGaulle -->
		<Replace Tag='LOC_ROSETTA_ALBA_LA_ROMAINE_XSCX_LEADER_JFD_DE_GAULLE'     Text='Alba'     Language='en_US'     />
		<Replace Tag='LOC_ROSETTA_ARQUES_XSCX_LEADER_JFD_DE_GAULLE'     Text='Arques-le-Bataille'     Language='en_US'     />
		<Replace Tag='LOC_ROSETTA_BOISE_XSCX_LEADER_JFD_DE_GAULLE'     Text='Boise'     Language='en_US'     />
		<Replace Tag='LOC_ROSETTA_CALGARY_XSCX_LEADER_JFD_DE_GAULLE'     Text='Calgary'     Language='en_US'     />
		<Replace Tag='LOC_ROSETTA_DES_MOINES_XSCX_LEADER_JFD_DE_GAULLE'     Text='Des Moines'     Language='en_US'     />
		<Replace Tag='LOC_ROSETTA_FORT_FRANCES_XSCX_LEADER_JFD_DE_GAULLE'     Text='Fort Frances'     Language='en_US'     />
		<Replace Tag='LOC_ROSETTA_FORT_DE_FRANCE_XSCX_LEADER_JFD_DE_GAULLE'     Text='Fort-de-France'     Language='en_US'     />
		<Replace Tag='LOC_ROSETTA_FREDERICTON_XSCX_LEADER_JFD_DE_GAULLE'     Text='Fredericton'     Language='en_US'     />
		<Replace Tag='LOC_ROSETTA_GEORGETOWN_XSCX_LEADER_JFD_DE_GAULLE'     Text='Georgetown'     Language='en_US'     />
		<Replace Tag='LOC_ROSETTA_GLACE_BAY_XSCX_LEADER_JFD_DE_GAULLE'     Text='Glace Bay'     Language='en_US'     />
		<Replace Tag='LOC_ROSETTA_HERAKLION_XSCX_LEADER_JFD_DE_GAULLE'     Text='Heraklion'     Language='en_US'     />
		<Replace Tag='LOC_ROSETTA_AIN_OUSSERA_XSCX_LEADER_JFD_DE_GAULLE'     Text='Paul Cazelles'     Language='en_US'     />
		<Replace Tag='LOC_ROSETTA_RIO_DE_JANEIRO_XSCX_LEADER_JFD_DE_GAULLE'     Text='Rio de Janeiro'     Language='en_US'     />
		<Replace Tag='LOC_ROSETTA_SAN_DIEGO_XSCX_LEADER_JFD_DE_GAULLE'     Text='San Diego'     Language='en_US'     />
		<Replace Tag='LOC_ROSETTA_SUDBURY_XSCX_LEADER_JFD_DE_GAULLE'     Text='Sudbury'     Language='en_US'     />
		<Replace Tag='LOC_ROSETTA_TOLANARO_XSCX_LEADER_JFD_DE_GAULLE'     Text='Tôlanaro'     Language='en_US'     />
		<Replace Tag='LOC_ROSETTA_TROU_DU_NORD_XSCX_LEADER_JFD_DE_GAULLE'     Text='Trou-du-Nord'     Language='en_US'     />
		<Replace Tag='LOC_ROSETTA_WESTMOUNT_XSCX_LEADER_JFD_DE_GAULLE'     Text='Westmount'     Language='en_US'     />
		<Replace Tag='LOC_ROSETTA_WINNIPEG_XSCX_LEADER_JFD_DE_GAULLE'     Text='Winnipeg'     Language='en_US'     />
		<Replace Tag='LOC_ROSETTA_CAMBRAI_XSCX_LEADER_JFD_DE_GAULLE'     Text='Cambrai'     Language='en_US'     />
		<Replace Tag='LOC_ROSETTA_YOSHKAR_OLA_XSCX_LEADER_JFD_DE_GAULLE'     Text='Iochkar-Ola'     Language='en_US'     />
		<Replace Tag='LOC_ROSETTA_JACKSONVILLE_XSCX_LEADER_JFD_DE_GAULLE'     Text='Jacksonville'     Language='en_US'     />
		<Replace Tag='LOC_ROSETTA_SALT_LAKE_CITY_XSCX_LEADER_JFD_DE_GAULLE'     Text='Salt Lake City'     Language='en_US'     />
		<Replace Tag='LOC_ROSETTA_LAFAYETTE_XSCX_LEADER_JFD_DE_GAULLE'     Text='Lafayette'     Language='en_US'     />
		<Replace Tag='LOC_ROSETTA_DANDONG_XSCX_LEADER_JFD_DE_GAULLE'     Text='Dandong'     Language='en_US'     />
		<Replace Tag='LOC_ROSETTA_BRATISLAVA_XSCX_LEADER_JFD_DE_GAULLE'     Text='Bratislava'     Language='en_US'     />
		<!-- Frederick -->
		<Replace Tag='LOC_ROSETTA_ALBA_IULIA_XSCX_LEADER_JFD_FREDERICK'     Text='Carlsburg'     Language='en_US'     />
		<Replace Tag='LOC_ROSETTA_LUDWIGSHAFEN_XSCX_LEADER_JFD_FREDERICK'     Text='Rheinschanze'     Language='en_US'     />
		<Replace Tag='LOC_ROSETTA_WIED_XSCX_LEADER_JFD_FREDERICK'     Text='Neuweid'     Language='en_US'     />
		<Replace Tag='LOC_ROSETTA_WIZNA_XSCX_LEADER_JFD_FREDERICK'     Text='Wizna'     Language='en_US'     />
		<Replace Tag='LOC_ROSETTA_MONCHENGLADBACH_XSCX_LEADER_JFD_FREDERICK'     Text='Gladbach'     Language='en_US'     />
		<Replace Tag='LOC_ROSETTA_BREMERHAVEN_XSCX_LEADER_JFD_FREDERICK'     Text='Bremerlehe'     Language='en_US'     />
		<Replace Tag='LOC_ROSETTA_LVIV_XSCX_LEADER_JFD_FREDERICK'     Text='Lemberg'     Language='en_US'     />
		<!-- Bismarck -->
		<Replace Tag='LOC_ROSETTA_LUDWIGSHAFEN_XSCX_LEADER_GEDEMO_BISMARK'     Text='Ludwigshafen'     Language='en_US'     />
		<Replace Tag='LOC_ROSETTA_MONCHENGLADBACH_XSCX_LEADER_GEDEMO_BISMARK'     Text='München-Gladbach'     Language='en_US'     />
		<Replace Tag='LOC_ROSETTA_BREMERHAVEN_XSCX_LEADER_GEDEMO_BISMARK'     Text='Bremerhaven'     Language='en_US'     />
		<!-- Hitler -->
		<Replace Tag='LOC_ROSETTA_ALBA_IULIA_XSCX_LEADER_JFD_HITLER'     Text='Karlsburg'     Language='en_US'     />
		<Replace Tag='LOC_ROSETTA_WUPPERTAL_XSCX_LEADER_JFD_HITLER'     Text='Wuppertal'     Language='en_US'     />
		<Replace Tag='LOC_ROSETTA_WIED_XSCX_LEADER_JFD_HITLER'     Text='Neuweid'     Language='en_US'     />
		<Replace Tag='LOC_ROSETTA_WIZNA_XSCX_LEADER_JFD_HITLER'     Text='Wizna'     Language='en_US'     />
		<Replace Tag='LOC_ROSETTA_BADEN_XSCX_LEADER_JFD_HITLER'     Text='Baden-Baden'     Language='en_US'     />
		<Replace Tag='LOC_ROSETTA_BEDZIN_XSCX_LEADER_JFD_HITLER'     Text='Bendsburg'     Language='en_US'     />
		<Replace Tag='LOC_ROSETTA_NOWY_DWOR_MAZOWIECKI_XSCX_LEADER_JFD_HITLER'     Text='Bugmünde'     Language='en_US'     />
		<Replace Tag='LOC_ROSETTA_PABIANICE_XSCX_LEADER_JFD_HITLER'     Text='Burgstadt'     Language='en_US'     />
		<Replace Tag='LOC_ROSETTA_DOBRZYN_NAD_WISLA_XSCX_LEADER_JFD_HITLER'     Text='Dobrin an der Weichsel'     Language='en_US'     />
		<Replace Tag='LOC_ROSETTA_GDYNIA_XSCX_LEADER_JFD_HITLER'     Text='Gotenhafen'     Language='en_US'     />
		<Replace Tag='LOC_ROSETTA_ZAMOSC_XSCX_LEADER_JFD_HITLER'     Text='Himmlerstadt'     Language='en_US'     />
		<Replace Tag='LOC_ROSETTA_ZABRZE_XSCX_LEADER_JFD_HITLER'     Text='Hindenburg'     Language='en_US'     />
		<Replace Tag='LOC_ROSETTA_INOWROCLAW_XSCX_LEADER_JFD_HITLER'     Text='Hohensalza'     Language='en_US'     />
		<Replace Tag='LOC_ROSETTA_KASSEL_XSCX_LEADER_JFD_HITLER'     Text='Kassel'     Language='en_US'     />
		<Replace Tag='LOC_ROSETTA_KOBLENZ_XSCX_LEADER_JFD_HITLER'     Text='Koblenz'     Language='en_US'     />
		<Replace Tag='LOC_ROSETTA_KREFELD_XSCX_LEADER_JFD_HITLER'     Text='Krefeld'     Language='en_US'     />
		<Replace Tag='LOC_ROSETTA_CHELMNO_XSCX_LEADER_JFD_HITLER'     Text='Kulm'     Language='en_US'     />
		<Replace Tag='LOC_ROSETTA_LECZYCA_XSCX_LEADER_JFD_HITLER'     Text='Lentschütz'     Language='en_US'     />
		<Replace Tag='LOC_ROSETTA_LODZ_XSCX_LEADER_JFD_HITLER'     Text='Litzmannstadt'     Language='en_US'     />
		<Replace Tag='LOC_ROSETTA_MONCHENGLADBACH_XSCX_LEADER_JFD_HITLER'     Text='München Gladbach'     Language='en_US'     />
		<Replace Tag='LOC_ROSETTA_PRESOV_XSCX_LEADER_JFD_HITLER'     Text='Preschau'     Language='en_US'     />
		<Replace Tag='LOC_ROSETTA_RZESZOW_XSCX_LEADER_JFD_HITLER'     Text='Reichshof'     Language='en_US'     />
		<Replace Tag='LOC_ROSETTA_OSTROLEKA_XSCX_LEADER_JFD_HITLER'     Text='Scharfenwiese'     Language='en_US'     />
		<Replace Tag='LOC_ROSETTA_SUWALKI_XSCX_LEADER_JFD_HITLER'     Text='Sudauen'     Language='en_US'     />
		<Replace Tag='LOC_ROSETTA_GOSTYNIN_XSCX_LEADER_JFD_HITLER'     Text='Waldrode'     Language='en_US'     />
		<Replace Tag='LOC_ROSETTA_BREMERHAVEN_XSCX_LEADER_JFD_HITLER'     Text='Wesermünde'     Language='en_US'     />
		<Replace Tag='LOC_ROSETTA_CIECHANOW_XSCX_LEADER_JFD_HITLER'     Text='Zichenau'     Language='en_US'     />
		<Replace Tag='LOC_ROSETTA_LVIV_XSCX_LEADER_JFD_HITLER'     Text='Lemberg'     Language='en_US'     />
		<Replace Tag='LOC_ROSETTA_GARMISCH_PARTENKIRCHEN_XSCX_LEADER_JFD_HITLER'     Text='Garmisch-Partenkirchen'     Language='en_US'     />
		<Replace Tag='LOC_ROSETTA_YOSHKAR_OLA_XSCX_LEADER_JFD_HITLER'     Text='Joschkar-Ola'     Language='en_US'     />
		<Replace Tag='LOC_ROSETTA_BAD_DRIBURG_XSCX_LEADER_JFD_HITLER'     Text='Bad Driburg'     Language='en_US'     />
		<Replace Tag='LOC_ROSETTA_BAD_WIMPFEN_XSCX_LEADER_JFD_HITLER'     Text='Bad Wimpfen'     Language='en_US'     />
		<Replace Tag='LOC_ROSETTA_BURG_STARGARD_XSCX_LEADER_JFD_HITLER'     Text='Burg Stargard'     Language='en_US'     />
		<Replace Tag='LOC_ROSETTA_MUNDEN_XSCX_LEADER_JFD_HITLER'     Text='Hannoversch Münden'     Language='en_US'     />
		<Replace Tag='LOC_ROSETTA_WAREN_XSCX_LEADER_JFD_HITLER'     Text='Waren an der Müritz'     Language='en_US'     />
		<!-- Philip II -->
		<Replace Tag='LOC_ROSETTA_PHILIPPI_XSCX_LEADER_JFD_PHILIP_II'     Text='Philippoi'     Language='en_US'     />
		<!-- Seleucus -->
		<Replace Tag='LOC_ROSETTA_HERAT_XSCX_LEADER_CVS_SELEUCUS_I'     Text='Alexandreia Areias'     Language='en_US'     />
		<Replace Tag='LOC_ROSETTA_HAMA_XSCX_LEADER_CVS_SELEUCUS_I'     Text='Arathe'     Language='en_US'     />
		<Replace Tag='LOC_ROSETTA_ECBATANA_XSCX_LEADER_CVS_SELEUCUS_I'     Text='Ekbatana'     Language='en_US'     />
		<Replace Tag='LOC_ROSETTA_HAMADAN_XSCX_LEADER_CVS_SELEUCUS_I'     Text='Ekbatana'     Language='en_US'     />
		<Replace Tag='LOC_ROSETTA_CARCATHIOCERTA_XSCX_LEADER_CVS_SELEUCUS_I'     Text='Karkathiokerta'     Language='en_US'     />
		<Replace Tag='LOC_ROSETTA_PREVEZA_XSCX_LEADER_CVS_SELEUCUS_I'     Text='Kassope'     Language='en_US'     />
		<Replace Tag='LOC_ROSETTA_STRATONICEA_XSCX_LEADER_CVS_SELEUCUS_I'     Text='Khrysaoris'     Language='en_US'     />
		<Replace Tag='LOC_ROSETTA_PRUSIAS_AD_HYPIUM_XSCX_LEADER_CVS_SELEUCUS_I'     Text='Kieros'     Language='en_US'     />
		<Replace Tag='LOC_ROSETTA_CIUS_XSCX_LEADER_CVS_SELEUCUS_I'     Text='Kios'     Language='en_US'     />
		<Replace Tag='LOC_ROSETTA_FAIYUM_XSCX_LEADER_CVS_SELEUCUS_I'     Text='Krokodeilopolis'     Language='en_US'     />
		<Replace Tag='LOC_ROSETTA_MARION_XSCX_LEADER_CVS_SELEUCUS_I'     Text='Marion'     Language='en_US'     />
		<Replace Tag='LOC_ROSETTA_RETHYMNO_XSCX_LEADER_CVS_SELEUCUS_I'     Text='Rhithymna'     Language='en_US'     />
		<Replace Tag='LOC_ROSETTA_NYSA_ON_THE_MAEANDER_XSCX_LEADER_CVS_SELEUCUS_I'     Text='Athymbra'     Language='en_US'     />
		<Replace Tag='LOC_ROSETTA_AL_RAQQAH_XSCX_LEADER_CVS_SELEUCUS_I'     Text='Nikephorion'     Language='en_US'     />
		<Replace Tag='LOC_ROSETTA_ADANA_XSCX_LEADER_CVS_SELEUCUS_I'     Text='Adana'     Language='en_US'     />
		<Replace Tag='LOC_ROSETTA_ALABANDA_XSCX_LEADER_CVS_SELEUCUS_I'     Text='Alabanda'     Language='en_US'     />
		<Replace Tag='LOC_ROSETTA_MERV_XSCX_LEADER_CVS_SELEUCUS_I'     Text='Alexandreia tes Margianes'     Language='en_US'     />
		<Replace Tag='LOC_ROSETTA_ARWAD_XSCX_LEADER_CVS_SELEUCUS_I'     Text='Arados'     Language='en_US'     />
		<Replace Tag='LOC_ROSETTA_IZMIT_XSCX_LEADER_CVS_SELEUCUS_I'     Text='Astakos Bithynias'     Language='en_US'     />
		<Replace Tag='LOC_ROSETTA_NICOMEDIA_XSCX_LEADER_CVS_SELEUCUS_I'     Text='Astakos Bithynias'     Language='en_US'     />
		<Replace Tag='LOC_ROSETTA_BENGHAZI_XSCX_LEADER_CVS_SELEUCUS_I'     Text='Euesperides'     Language='en_US'     />
		<Replace Tag='LOC_ROSETTA_UMM_QAIS_XSCX_LEADER_CVS_SELEUCUS_I'     Text='Gadara'     Language='en_US'     />
		<Replace Tag='LOC_ROSETTA_APAMEA_CIBOTUS_XSCX_LEADER_CVS_SELEUCUS_I'     Text='Kibotos'     Language='en_US'     />
		<Replace Tag='LOC_ROSETTA_NUSAYBIN_XSCX_LEADER_CVS_SELEUCUS_I'     Text='Nisibis'     Language='en_US'     />
		<Replace Tag='LOC_ROSETTA_AMASRA_XSCX_LEADER_CVS_SELEUCUS_I'     Text='Sesamos'     Language='en_US'     />
		<Replace Tag='LOC_ROSETTA_ALEXANDRIA_TROAS_XSCX_LEADER_CVS_SELEUCUS_I'     Text='Sigeion'     Language='en_US'     />
		<Replace Tag='LOC_ROSETTA_TARSUS_XSCX_LEADER_CVS_SELEUCUS_I'     Text='Tarsos'     Language='en_US'     />
		<Replace Tag='LOC_ROSETTA_TOCRA_XSCX_LEADER_CVS_SELEUCUS_I'     Text='Taukheira'     Language='en_US'     />
		<!-- Toussaint -->
		<Replace Tag='LOC_ROSETTA_DESSALINES_XSCX_LEADER_LEU_LOUVERTURE'     Text='Machan'     Language='en_US'     />
		<!-- Herod -->
		<Replace Tag='LOC_ROSETTA_ANTIPATRIS_XSCX_LEADER_LEU_HEROD'     Text='Antipatris'     Language='en_US'     />
		<Replace Tag='LOC_ROSETTA_SAMARIA_XSCX_LEADER_LEU_HEROD'     Text='Sebaste'     Language='en_US'     />
		<Replace Tag='LOC_ROSETTA_TIBERIAS_XSCX_LEADER_LEU_HEROD'     Text='Tveryah'     Language='en_US'     />
		<!-- Teuta -->
		<Replace Tag='LOC_ROSETTA_KICEVO_XSCX_LEADER_TEUTA'     Text='Uskana'     Language='en_US'     />
		<!-- Rudrama -->
		<Replace Tag='LOC_ROSETTA_VIDISHA_XSCX_LEADER_SC_RUDRAMA_DEVI'     Text='Bhelsa'     Language='en_US'     />
		<Replace Tag='LOC_ROSETTA_GOLKONDA_XSCX_LEADER_SC_RUDRAMA_DEVI'     Text='Mankal'     Language='en_US'     />
		<Replace Tag='LOC_ROSETTA_WARANGAL_XSCX_LEADER_SC_RUDRAMA_DEVI'     Text='Orugallu'     Language='en_US'     />
		<Replace Tag='LOC_ROSETTA_KARIMNAGAR_XSCX_LEADER_SC_RUDRAMA_DEVI'     Text='Sabbinādu'     Language='en_US'     />
		<!-- Niall -->
		<Replace Tag='LOC_ROSETTA_NEWRY_XSCX_LEADER_ENIGMA_NIALL'     Text='An Iúraigh'     Language='en_US'     />
		<Replace Tag='LOC_ROSETTA_ARDAGH_XSCX_LEADER_ENIGMA_NIALL'     Text='Ardachadh'     Language='en_US'     />
		<Replace Tag='LOC_ROSETTA_DERRY_XSCX_LEADER_ENIGMA_NIALL'     Text='Daire'     Language='en_US'     />
		<Replace Tag='LOC_ROSETTA_MALLOW_XSCX_LEADER_ENIGMA_NIALL'     Text='Magh nAla'     Language='en_US'     />
		<Replace Tag='LOC_ROSETTA_DOWNPATRICK_XSCX_LEADER_ENIGMA_NIALL'     Text='Rath Celtair'     Language='en_US'     />
		<Replace Tag='LOC_ROSETTA_TUAM_XSCX_LEADER_ENIGMA_NIALL'     Text='Tuaim Dá Ghualann'     Language='en_US'     />
		<Replace Tag='LOC_ROSETTA_COBH_XSCX_LEADER_ENIGMA_NIALL'     Text='Oilean Ard Neimheadh'     Language='en_US'     />
		<!-- Matilde -->
		<Replace Tag='LOC_ROSETTA_ZHANGYE_XSCX_LEADER_SC_MATILDE'     Text='Canpicion'     Language='en_US'     />
		<Replace Tag='LOC_ROSETTA_SANSEPOLCRO_XSCX_LEADER_SC_MATILDE'     Text='Borgo Santo Sepolcro'     Language='en_US'     />
		<Replace Tag='LOC_ROSETTA_PORTICO_E_SAN_BENEDETTO_XSCX_LEADER_SC_MATILDE'     Text='Portico di Romagna'     Language='en_US'     />
		<Replace Tag='LOC_ROSETTA_CORFINIO_XSCX_LEADER_SC_MATILDE'     Text='Valva'     Language='en_US'     />
		<Replace Tag='LOC_ROSETTA_HANGZHOU_XSCX_LEADER_SC_MATILDE'     Text='Quinsai'     Language='en_US'     />
		<!-- Margherita -->
		<Replace Tag='LOC_ROSETTA_QUANZHOU_XSCX_LEADER_JFD_MARGHERITA'     Text='Quanzhou'     Language='en_US'     />
		<Replace Tag='LOC_ROSETTA_SENIGALLIA_XSCX_LEADER_JFD_MARGHERITA'     Text='Senigallia'     Language='en_US'     />
		<Replace Tag='LOC_ROSETTA_SALT_LAKE_CITY_XSCX_LEADER_JFD_MARGHERITA'     Text='Salt Lake City'     Language='en_US'     />
		<Replace Tag='LOC_ROSETTA_CEUTA_XSCX_LEADER_JFD_MARGHERITA'     Text='Ceuta'     Language='en_US'     />
		<Replace Tag='LOC_ROSETTA_OLBIA_XSCX_LEADER_JFD_MARGHERITA'     Text='Olbia'     Language='en_US'     />
		<Replace Tag='LOC_ROSETTA_SANTIAGO_DE_COMPOSTELA_XSCX_LEADER_JFD_MARGHERITA'     Text='Santiago di Compostela'     Language='en_US'     />
		<Replace Tag='LOC_ROSETTA_VIBO_VALENTIA_XSCX_LEADER_JFD_MARGHERITA'     Text='Monteleone di Calabria'     Language='en_US'     />
		<Replace Tag='LOC_ROSETTA_COSPICUA_XSCX_LEADER_JFD_MARGHERITA'     Text='Cospicua'     Language='en_US'     />
		<Replace Tag='LOC_ROSETTA_ZEJTUN_XSCX_LEADER_JFD_MARGHERITA'     Text='Zeitun'     Language='en_US'     />
		<!-- Mussolini -->
		<Replace Tag='LOC_ROSETTA_CASTROGIOVANNI_XSCX_LEADER_JFD_MUSSOLINI'     Text='Enna'     Language='en_US'     />
		<Replace Tag='LOC_ROSETTA_VASTO_XSCX_LEADER_JFD_MUSSOLINI'     Text='Istonio'     Language='en_US'     />
		<Replace Tag='LOC_ROSETTA_LATINA_XSCX_LEADER_JFD_MUSSOLINI'     Text='Littoria'     Language='en_US'     />
		<Replace Tag='LOC_ROSETTA_TARQUINIA_XSCX_LEADER_JFD_MUSSOLINI'     Text='Tarquinia'     Language='en_US'     />
		<Replace Tag='LOC_ROSETTA_VIBO_VALENTIA_XSCX_LEADER_JFD_MUSSOLINI'     Text='Vibo Valentia'     Language='en_US'     />
		<Replace Tag='LOC_ROSETTA_SARANDE_XSCX_LEADER_JFD_MUSSOLINI'     Text='Porto Edda'     Language='en_US'     />
		<!-- Shomu -->
		<Replace Tag='LOC_ROSETTA_NARA_XSCX_LEADER_JFD_SHOMU'     Text='Heijō-kyō'     Language='en_US'     />
		<Replace Tag='LOC_ROSETTA_KIZUGAWA_XSCX_LEADER_JFD_SHOMU'     Text='Kuni-kyō'     Language='en_US'     />
		<Replace Tag='LOC_ROSETTA_OSAKA_XSCX_LEADER_JFD_SHOMU'     Text='Naniwa-kyō'     Language='en_US'     />
		<!-- Kenshin -->
		<Replace Tag='LOC_ROSETTA_FUSHIMI_XSCX_LEADER_RELIC_KENSHIN'     Text='Momoyama'     Language='en_US'     />
		<!-- Sejong -->
		<Replace Tag='LOC_ROSETTA_BUSAN_XSCX_LEADER_ANT_SEJONG'     Text='Dongnae'     Language='en_US'     />
		<Replace Tag='LOC_ROSETTA_SEOUL_XSCX_LEADER_ANT_SEJONG'     Text='Hanseong'     Language='en_US'     />
		<!-- Myeongseong -->
		<Replace Tag='LOC_ROSETTA_HONGSEONG_XSCX_LEADER_JFD_MYEONGSEONG'     Text='Hongju'     Language='en_US'     />
		<!-- Julius -->
		<!-- Julian -->
		<Replace Tag='LOC_ROSETTA_BOULOGNE_XSCX_LEADER_JFD_JULIAN'     Text='Bononia'     Language='en_US'     />
		<Replace Tag='LOC_ROSETTA_CONSTANTINE_XSCX_LEADER_JFD_JULIAN'     Text='Constantina'     Language='en_US'     />
		<!--Palmyra-->
		<Replace Tag='LOC_ROSETTA_PALMYRA_XSCX_CIVILIZATION_MER_PALMYRA'     Text='Tadmor'     Language='en_US'     />
		<!-- Kalangitan -->
		<Replace Tag='LOC_ROSETTA_CEBU_XSCX_LEADER_CVS_KALANGITAN'     Text='Sugbu'     Language='en_US'     />
		<Replace Tag='LOC_ROSETTA_JOLO_XSCX_LEADER_CVS_KALANGITAN'     Text='Sūg'     Language='en_US'     />
		<Replace Tag='LOC_ROSETTA_PULILAN_XSCX_LEADER_CVS_KALANGITAN'     Text='Puliran'     Language='en_US'     />
		<Replace Tag='LOC_ROSETTA_ROXAS_XSCX_LEADER_CVS_KALANGITAN'     Text='Bamban'     Language='en_US'     />
		<Replace Tag='LOC_ROSETTA_KOTA_KINABALU_XSCX_LEADER_CVS_KALANGITAN'     Text='Api-Api'     Language='en_US'     />
		<Replace Tag='LOC_ROSETTA_LAOAG_XSCX_LEADER_CVS_KALANGITAN'     Text='Samtoy'     Language='en_US'     />
		<Replace Tag='LOC_ROSETTA_LUCENA_XSCX_LEADER_CVS_KALANGITAN'     Text='Tayabas'     Language='en_US'     />
		<Replace Tag='LOC_ROSETTA_MANILA_XSCX_LEADER_CVS_KALANGITAN'     Text='Tondo'     Language='en_US'     />
		<Replace Tag='LOC_ROSETTA_IBA_XSCX_LEADER_CVS_KALANGITAN'     Text='Paynauen'     Language='en_US'     />
		<Replace Tag='LOC_ROSETTA_DUMANGAS_XSCX_LEADER_CVS_KALANGITAN'     Text='Araut'     Language='en_US'     />
		<Replace Tag='LOC_ROSETTA_VIGAN_XSCX_LEADER_CVS_KALANGITAN'     Text='Bee Gan'     Language='en_US'     />
		<Replace Tag='LOC_ROSETTA_SAN_CARLOS_XSCX_LEADER_CVS_KALANGITAN'     Text='Binalatongan'     Language='en_US'     />
		<Replace Tag='LOC_ROSETTA_UNISAN_XSCX_LEADER_CVS_KALANGITAN'     Text='Kalilayan'     Language='en_US'     />
		<Replace Tag='LOC_ROSETTA_PILA_XSCX_LEADER_CVS_KALANGITAN'     Text='Pailah'     Language='en_US'     />
		<Replace Tag='LOC_ROSETTA_CARCAR_XSCX_LEADER_CVS_KALANGITAN'     Text='Sialo'     Language='en_US'     />
		<Replace Tag='LOC_ROSETTA_SAN_JOSE_DE_BUENAVISTA_XSCX_LEADER_CVS_KALANGITAN'     Text='Tubigon'     Language='en_US'     />
		<Replace Tag='LOC_ROSETTA_DAGUPAN_XSCX_LEADER_CVS_KALANGITAN'     Text='Bacnotan'     Language='en_US'     />
		<Replace Tag='LOC_ROSETTA_BACOOR_XSCX_LEADER_CVS_KALANGITAN'     Text='Bakood'     Language='en_US'     />
		<Replace Tag='LOC_ROSETTA_BATANGAS_XSCX_LEADER_CVS_KALANGITAN'     Text='Batangan'     Language='en_US'     />
		<Replace Tag='LOC_ROSETTA_BINAN_XSCX_LEADER_CVS_KALANGITAN'     Text='Binyagan'     Language='en_US'     />
		<Replace Tag='LOC_ROSETTA_CAGAYAN_DE_ORO_XSCX_LEADER_CVS_KALANGITAN'     Text='Cagayan'     Language='en_US'     />
		<Replace Tag='LOC_ROSETTA_MARAWI_XSCX_LEADER_CVS_KALANGITAN'     Text='Dansalan'     Language='en_US'     />
		<Replace Tag='LOC_ROSETTA_DASMARINAS_XSCX_LEADER_CVS_KALANGITAN'     Text='Dasma'     Language='en_US'     />
		<Replace Tag='LOC_ROSETTA_DAVAO_XSCX_LEADER_CVS_KALANGITAN'     Text='Davah'     Language='en_US'     />
		<Replace Tag='LOC_ROSETTA_SORSOGON_XSCX_LEADER_CVS_KALANGITAN'     Text='Hibalong'     Language='en_US'     />
		<Replace Tag='LOC_ROSETTA_CABUYAO_XSCX_LEADER_CVS_KALANGITAN'     Text='Kabuyaw'     Language='en_US'     />
		<Replace Tag='LOC_ROSETTA_BAGUIO_XSCX_LEADER_CVS_KALANGITAN'     Text='Kafagway'     Language='en_US'     />
		<Replace Tag='LOC_ROSETTA_TACLOBAN_XSCX_LEADER_CVS_KALANGITAN'     Text='Kamkabatok'     Language='en_US'     />
		<Replace Tag='LOC_ROSETTA_COTABATO_XSCX_LEADER_CVS_KALANGITAN'     Text='Kutawatu'     Language='en_US'     />
		<Replace Tag='LOC_ROSETTA_MANDALUYONG_XSCX_LEADER_CVS_KALANGITAN'     Text='Madaluyong'     Language='en_US'     />
		<Replace Tag='LOC_ROSETTA_BACOLOD_XSCX_LEADER_CVS_KALANGITAN'     Text='Magsungay'     Language='en_US'     />
		<Replace Tag='LOC_ROSETTA_TAGUM_XSCX_LEADER_CVS_KALANGITAN'     Text='Magugpo'     Language='en_US'     />
		<Replace Tag='LOC_ROSETTA_NAVOTAS_XSCX_LEADER_CVS_KALANGITAN'     Text='Nabotas'     Language='en_US'     />
		<Replace Tag='LOC_ROSETTA_PARANAQUE_XSCX_LEADER_CVS_KALANGITAN'     Text='Palanyag'     Language='en_US'     />
		<Replace Tag='LOC_ROSETTA_VALENZUELA_XSCX_LEADER_CVS_KALANGITAN'     Text='Polo'     Language='en_US'     />
		<Replace Tag='LOC_ROSETTA_ZAMBOANGA_XSCX_LEADER_CVS_KALANGITAN'     Text='Samboangan'     Language='en_US'     />
		<Replace Tag='LOC_ROSETTA_SAN_PABLO_XSCX_LEADER_CVS_KALANGITAN'     Text='Sampalok'     Language='en_US'     />
		<Replace Tag='LOC_ROSETTA_LEGAZPI_XSCX_LEADER_CVS_KALANGITAN'     Text='Sawangan'     Language='en_US'     />
		<Replace Tag='LOC_ROSETTA_PANABO_XSCX_LEADER_CVS_KALANGITAN'     Text='Taboan'     Language='en_US'     />
		<Replace Tag='LOC_ROSETTA_SAN_PEDRO_XSCX_LEADER_CVS_KALANGITAN'     Text='Tabuko'     Language='en_US'     />
		<Replace Tag='LOC_ROSETTA_TAGUIG_XSCX_LEADER_CVS_KALANGITAN'     Text='Taga-giik'     Language='en_US'     />
		<Replace Tag='LOC_ROSETTA_PAGADIAN_XSCX_LEADER_CVS_KALANGITAN'     Text='Talpokan'     Language='en_US'     />
		<Replace Tag='LOC_ROSETTA_MALABON_XSCX_LEADER_CVS_KALANGITAN'     Text='Tambobong'     Language='en_US'     />
		<Replace Tag='LOC_ROSETTA_CALBAYOG_XSCX_LEADER_CVS_KALANGITAN'     Text='Tiayban'     Language='en_US'     />
		<Replace Tag='LOC_ROSETTA_SANTA_ROSA_XSCX_LEADER_CVS_KALANGITAN'     Text='Bukol'     Language='en_US'     />
		<Replace Tag='LOC_ROSETTA_MALAYBALAY_XSCX_LEADER_CVS_KALANGITAN'     Text='Kalasungay'     Language='en_US'     />
		<Replace Tag='LOC_ROSETTA_TUGUEGARAO_XSCX_LEADER_CVS_KALANGITAN'     Text='Tugegaraw'     Language='en_US'     />
		<Replace Tag='LOC_ROSETTA_ORMOC_XSCX_LEADER_CVS_KALANGITAN'     Text='Ogmok'     Language='en_US'     />
		<Replace Tag='LOC_ROSETTA_BAY_XSCX_LEADER_CVS_KALANGITAN'     Text='Ma-i'     Language='en_US'     />
		<Replace Tag='LOC_ROSETTA_CAVITE_XSCX_LEADER_CVS_KALANGITAN'     Text='Tangway'     Language='en_US'     />
		<Replace Tag='LOC_ROSETTA_ILOILO_XSCX_LEADER_CVS_KALANGITAN'     Text='Irong-Irong'     Language='en_US'     />
		<!-- Rizal -->
		<Replace Tag='LOC_ROSETTA_ROXAS_XSCX_LEADER_CVS_JOSE_RIZAL'     Text='Capiz'     Language='en_US'     />
		<Replace Tag='LOC_ROSETTA_NAGA_XSCX_LEADER_CVS_JOSE_RIZAL'     Text='Nueva Cáceres'     Language='en_US'     />
		<!-- Cory -->
		<Replace Tag='LOC_ROSETTA_GENERAL_SANTOS_XSCX_LEADER_CIVITAS_CORY'     Text='General Santos'     Language='en_US'     />
		<Replace Tag='LOC_ROSETTA_LAPU_LAPU_XSCX_LEADER_CIVITAS_CORY'     Text='Lapu-Lapu'     Language='en_US'     />
		<!-- Dmowski -->
		<Replace Tag='LOC_ROSETTA_BREST_LITOVSK_XSCX_LEADER_JFD_DMOWSKI'     Text='Brześć nad Bugiem'     Language='en_US'     />
		<Replace Tag='LOC_ROSETTA_NOVOHRAD_VOLYNSKYI_XSCX_LEADER_JFD_DMOWSKI'     Text='Nowgród Wołyński'     Language='en_US'     />
		<!-- Old Portuguese -->
		<Replace Tag='LOC_ROSETTA_VICOSA_ALAGOAS_XSCX_OLD_PORTUGUESE'     Text='Assembléa'     Language='en_US'     />
		<Replace Tag='LOC_ROSETTA_BAEPENDI_XSCX_OLD_PORTUGUESE'     Text='Baependy'     Language='en_US'     />
		<Replace Tag='LOC_ROSETTA_BELEM_XSCX_OLD_PORTUGUESE'     Text='Bethlem'     Language='en_US'     />
		<Replace Tag='LOC_ROSETTA_BONFIM_XSCX_OLD_PORTUGUESE'     Text='Bom Fim'     Language='en_US'     />
		<Replace Tag='LOC_ROSETTA_CAMPOS_DOS_GOYTACAZES_XSCX_OLD_PORTUGUESE'     Text='Campos'     Language='en_US'     />
		<Replace Tag='LOC_ROSETTA_CURITIBA_XSCX_OLD_PORTUGUESE'     Text='Curityba'     Language='en_US'     />
		<Replace Tag='LOC_ROSETTA_CUIABA_XSCX_OLD_PORTUGUESE'     Text='Cuyabá'     Language='en_US'     />
		<Replace Tag='LOC_ROSETTA_FLORIANOPOLIS_XSCX_OLD_PORTUGUESE'     Text='Desterro'     Language='en_US'     />
		<Replace Tag='LOC_ROSETTA_FEIRA_DE_SANTANA_XSCX_OLD_PORTUGUESE'     Text='Feira de Sant’Anna'     Language='en_US'     />
		<Replace Tag='LOC_ROSETTA_JEREMOABO_XSCX_OLD_PORTUGUESE'     Text='Geremoabo'     Language='en_US'     />
		<Replace Tag='LOC_ROSETTA_GOIANA_XSCX_OLD_PORTUGUESE'     Text='Goyanna'     Language='en_US'     />
		<Replace Tag='LOC_ROSETTA_GRAO_MOGOL_XSCX_OLD_PORTUGUESE'     Text='Grão Mogól'     Language='en_US'     />
		<Replace Tag='LOC_ROSETTA_NOVA_IGUACU_XSCX_OLD_PORTUGUESE'     Text='Iguaçu'     Language='en_US'     />
		<Replace Tag='LOC_ROSETTA_JUIZ_DE_FORA_XSCX_OLD_PORTUGUESE'     Text='Juiz de Fóra'     Language='en_US'     />
		<Replace Tag='LOC_ROSETTA_MACAUBAS_XSCX_OLD_PORTUGUESE'     Text='Macahubas'     Language='en_US'     />
		<Replace Tag='LOC_ROSETTA_MANAUS_XSCX_OLD_PORTUGUESE'     Text='Manaós'     Language='en_US'     />
		<Replace Tag='LOC_ROSETTA_MAR_DE_ESPANHA_XSCX_OLD_PORTUGUESE'     Text='Mar de Hespanha'     Language='en_US'     />
		<Replace Tag='LOC_ROSETTA_MARIANA_XSCX_OLD_PORTUGUESE'     Text='Marianna'     Language='en_US'     />
		<Replace Tag='LOC_ROSETTA_RIO_DE_CONTAS_XSCX_OLD_PORTUGUESE'     Text='Minas do Rio de Contas'     Language='en_US'     />
		<Replace Tag='LOC_ROSETTA_MURIAE_XSCX_OLD_PORTUGUESE'     Text='Muriahé'     Language='en_US'     />
		<Replace Tag='LOC_ROSETTA_NAZARE_XSCX_OLD_PORTUGUESE'     Text='Nazareth'     Language='en_US'     />
		<Replace Tag='LOC_ROSETTA_NAZARE_DA_MATA_XSCX_OLD_PORTUGUESE'     Text='Nazareth da Mata'     Language='en_US'     />
		<Replace Tag='LOC_ROSETTA_NITEROI_XSCX_OLD_PORTUGUESE'     Text='Nictherohy'     Language='en_US'     />
		<Replace Tag='LOC_ROSETTA_PAUDALHO_XSCX_OLD_PORTUGUESE'     Text='Páo d’Alho'     Language='en_US'     />
		<Replace Tag='LOC_ROSETTA_PARACATU_XSCX_OLD_PORTUGUESE'     Text='Paracatú'     Language='en_US'     />
		<Replace Tag='LOC_ROSETTA_JOAO_PESSOA_XSCX_OLD_PORTUGUESE'     Text='Parahyba'     Language='en_US'     />
		<Replace Tag='LOC_ROSETTA_PARAIBA_DO_SUL_XSCX_OLD_PORTUGUESE'     Text='Parahyba do Sul'     Language='en_US'     />
		<Replace Tag='LOC_ROSETTA_PARNAIBA_XSCX_OLD_PORTUGUESE'     Text='Parnahyba'     Language='en_US'     />
		<Replace Tag='LOC_ROSETTA_PITANGUI_XSCX_OLD_PORTUGUESE'     Text='Pitanguy'     Language='en_US'     />
		<Replace Tag='LOC_ROSETTA_RIO_POMBA_XSCX_OLD_PORTUGUESE'     Text='Pomba'     Language='en_US'     />
		<Replace Tag='LOC_ROSETTA_IRARA_XSCX_OLD_PORTUGUESE'     Text='Purificação'     Language='en_US'     />
		<Replace Tag='LOC_ROSETTA_CONSELHEIRO_LAFAIETE_XSCX_OLD_PORTUGUESE'     Text='Queluz'     Language='en_US'     />
		<Replace Tag='LOC_ROSETTA_CORRENTINA_XSCX_OLD_PORTUGUESE'     Text='Rio das Eguas'     Language='en_US'     />
		<Replace Tag='LOC_ROSETTA_RIO_PARDO_DE_MINAS_XSCX_OLD_PORTUGUESE'     Text='Rio Pardo'     Language='en_US'     />
		<Replace Tag='LOC_ROSETTA_SANTA_BARBARA_DOESTE_XSCX_OLD_PORTUGUESE'     Text='Santa Barbara'     Language='en_US'     />
		<Replace Tag='LOC_ROSETTA_VICOSA_MINAS_GERAIS_XSCX_OLD_PORTUGUESE'     Text='Santa Rita do Turvo'     Language='en_US'     />
		<Replace Tag='LOC_ROSETTA_CONDEUBA_XSCX_OLD_PORTUGUESE'     Text='Santo Antônio da Barra'     Language='en_US'     />
		<Replace Tag='LOC_ROSETTA_SAO_FIDELIS_XSCX_OLD_PORTUGUESE'     Text='São Fidelis'     Language='en_US'     />
		<Replace Tag='LOC_ROSETTA_SAO_FRANCISCO_DO_CONDE_XSCX_OLD_PORTUGUESE'     Text='São Francisco'     Language='en_US'     />
		<Replace Tag='LOC_ROSETTA_SAO_JOAO_DEL_REI_XSCX_OLD_PORTUGUESE'     Text='São Joao d’El-Rei'     Language='en_US'     />
		<Replace Tag='LOC_ROSETTA_SAO_LUIS_XSCX_OLD_PORTUGUESE'     Text='São Luiz'     Language='en_US'     />
		<Replace Tag='LOC_ROSETTA_ITAPECERICA_XSCX_OLD_PORTUGUESE'     Text='Tamanduá'     Language='en_US'     />
		<!-- Vargas -->
		<Replace Tag='LOC_ROSETTA_ANGOCHE_XSCX_LEADER_LEU_VARGAS'     Text='António Enes'     Language='en_US'     />
		<Replace Tag='LOC_ROSETTA_CACONGO_XSCX_LEADER_LEU_VARGAS'     Text='Guilherme Capelo'     Language='en_US'     />
		<!-- Ivan IV -->
		<Replace Tag='LOC_ROSETTA_ISTANBUL_XSCX_LEADER_JFD_IVAN_IV'     Text='Tsargrad'     Language='en_US'     />
		<Replace Tag='LOC_ROSETTA_STARAYA_LADOGA_XSCX_LEADER_JFD_IVAN_IV'     Text='Ladoga'     Language='en_US'     />
		<Replace Tag='LOC_ROSETTA_CONSTANTINOPLE_XSCX_LEADER_JFD_IVAN_IV'     Text='Tsargrad'     Language='en_US'     />
		<Replace Tag='LOC_ROSETTA_PRIOZERSK_XSCX_LEADER_JFD_IVAN_IV'     Text='Korela'     Language='en_US'     />
		<Replace Tag='LOC_ROSETTA_ATYRAU_XSCX_LEADER_JFD_IVAN_IV'     Text='Nizhniy Yaitskiy'     Language='en_US'     />
		<Replace Tag='LOC_ROSETTA_ARKHANGELSK_XSCX_LEADER_JFD_IVAN_IV'     Text='Novokholmogory'     Language='en_US'     />
		<Replace Tag='LOC_ROSETTA_SHLISSELBURG_XSCX_LEADER_JFD_IVAN_IV'     Text='Oresehk'     Language='en_US'     />
		<Replace Tag='LOC_ROSETTA_ONEGA_XSCX_LEADER_JFD_IVAN_IV'     Text='Ust’-Onega'     Language='en_US'     />
		<Replace Tag='LOC_ROSETTA_SHENKURSK_XSCX_LEADER_JFD_IVAN_IV'     Text='Vaga'     Language='en_US'     />
		<Replace Tag='LOC_ROSETTA_YOSHKAR_OLA_XSCX_LEADER_JFD_IVAN_IV'     Text='Yoshkar-Ola'     Language='en_US'     />
		<Replace Tag='LOC_ROSETTA_NOVOHRAD_VOLYNSKYI_XSCX_LEADER_JFD_IVAN_IV'     Text='Zvyagel’'     Language='en_US'     />
		<Replace Tag='LOC_ROSETTA_VYTEGRA_XSCX_LEADER_JFD_IVAN_IV'     Text='Vytegorskiy Pogost'     Language='en_US'     />
		<Replace Tag='LOC_ROSETTA_PERM_XSCX_LEADER_JFD_IVAN_IV'     Text='Yagoshikha'     Language='en_US'     />
		<!-- Elizabeth -->
		<Replace Tag='LOC_ROSETTA_RYBINSK_XSCX_LEADER_JFD_ELISABETH'     Text='Rybnaya Sloboda'     Language='en_US'     />
		<!-- Late Russian -->
		<Replace Tag='LOC_ROSETTA_KIROV_XSCX_LATE_RUSSIAN'     Text='Vyatka'     Language='en_US'     />
		<Replace Tag='LOC_ROSETTA_ULAN_UDE_XSCX_LATE_RUSSIAN'     Text='Verkhneudinsk'     Language='en_US'     />
		<Replace Tag='LOC_ROSETTA_KURGAN_XSCX_LATE_RUSSIAN'     Text='Kurgan'     Language='en_US'     />
		<Replace Tag='LOC_ROSETTA_POSHEKHONYE_XSCX_LATE_RUSSIAN'     Text='Poshekhon’ye'     Language='en_US'     />
		<!-- Catherine II -->
		<!-- Nicholas II -->
		<Replace Tag='LOC_ROSETTA_VAASA_XSCX_LEADER_JFD_NICHOLAS_II'     Text='Nikolaystad'     Language='en_US'     />
		<Replace Tag='LOC_ROSETTA_MURMANSK_XSCX_LEADER_JFD_NICHOLAS_II'     Text='Romanov-na-Murmane'     Language='en_US'     />
		<Replace Tag='LOC_ROSETTA_DALIAN_XSCX_LEADER_JFD_NICHOLAS_II'     Text='Dal’niy'     Language='en_US'     />
		<Replace Tag='LOC_ROSETTA_DAUGAVPILS_XSCX_LEADER_JFD_NICHOLAS_II'     Text='Dvinsk'     Language='en_US'     />
		<Replace Tag='LOC_ROSETTA_FORT_SHEVCHENKO_XSCX_LEADER_JFD_NICHOLAS_II'     Text='Fort-Aleksandrovskiy'     Language='en_US'     />
		<Replace Tag='LOC_ROSETTA_KRASNOBORSK_XSCX_LEADER_JFD_NICHOLAS_II'     Text='Krasnoborsk'     Language='en_US'     />
		<Replace Tag='LOC_ROSETTA_MEZEN_XSCX_LEADER_JFD_NICHOLAS_II'     Text='Mezen’'     Language='en_US'     />
		<Replace Tag='LOC_ROSETTA_BABUSHKIN_XSCX_LEADER_JFD_NICHOLAS_II'     Text='Mysovsk'     Language='en_US'     />
		<Replace Tag='LOC_ROSETTA_PUGACHYOV_XSCX_LEADER_JFD_NICHOLAS_II'     Text='Nikolayevsk'     Language='en_US'     />
		<Replace Tag='LOC_ROSETTA_SITKA_XSCX_LEADER_JFD_NICHOLAS_II'     Text='Novo-Arkhangel’sk'     Language='en_US'     />
		<Replace Tag='LOC_ROSETTA_TARTU_XSCX_LEADER_JFD_NICHOLAS_II'     Text='Yuryev'     Language='en_US'     />
		<Replace Tag='LOC_ROSETTA_YELIZOVO_XSCX_LEADER_JFD_NICHOLAS_II'     Text='Zavoyko'     Language='en_US'     />
		<Replace Tag='LOC_ROSETTA_ORAL_XSCX_LEADER_JFD_NICHOLAS_II'     Text='Ural’sk'     Language='en_US'     />
		<Replace Tag='LOC_ROSETTA_UST_KAMCHATSK_XSCX_LEADER_JFD_NICHOLAS_II'     Text='Ust’-Kamchatsk'     Language='en_US'     />
		<Replace Tag='LOC_ROSETTA_ULAANGOM_XSCX_LEADER_JFD_NICHOLAS_II'     Text='Bogdo-Kuren’'     Language='en_US'     />
		<Replace Tag='LOC_ROSETTA_MAKHACHKALA_XSCX_LEADER_JFD_NICHOLAS_II'     Text='Petrovsk-Port'     Language='en_US'     />
		<Replace Tag='LOC_ROSETTA_MINERALNYE_VODY_XSCX_LEADER_JFD_NICHOLAS_II'     Text='Illarionovskiy'     Language='en_US'     />
		<Replace Tag='LOC_ROSETTA_RYBINSK_XSCX_LEADER_JFD_NICHOLAS_II'     Text='Rybinsk'     Language='en_US'     />
		<Replace Tag='LOC_ROSETTA_DONETSK_XSCX_LEADER_JFD_NICHOLAS_II'     Text='Yuzovka'     Language='en_US'     />
		<!-- Stalin -->
		<Replace Tag='LOC_ROSETTA_IVANO_FRANKIVSK_XSCX_LEADER_JFD_STALIN'     Text='Stanislav'     Language='en_US'     />
		<Replace Tag='LOC_ROSETTA_NOVOMOSKOVSK_XSCX_LEADER_JFD_STALIN'     Text='Stalinogorsk'     Language='en_US'     />
		<Replace Tag='LOC_ROSETTA_ZELENOKUMSK_XSCX_LEADER_JFD_STALIN'     Text='Vorontsovo-Aleksandrovskoye'     Language='en_US'     />
		<Replace Tag='LOC_ROSETTA_RYBINSK_XSCX_LEADER_JFD_STALIN'     Text='Shcherbakov'     Language='en_US'     />
		<Replace Tag='LOC_ROSETTA_ORENBURG_XSCX_LEADER_JFD_STALIN'     Text='Chkalov'     Language='en_US'     />
		<Replace Tag='LOC_ROSETTA_VERKHNYADZVINSK_XSCX_LEADER_JFD_STALIN'     Text='Drissa'     Language='en_US'     />
		<Replace Tag='LOC_ROSETTA_VLADIKAVKAZ_XSCX_LEADER_JFD_STALIN'     Text='Dzaudzhikau'     Language='en_US'     />
		<Replace Tag='LOC_ROSETTA_PERM_XSCX_LEADER_JFD_STALIN'     Text='Molotov'     Language='en_US'     />
		<Replace Tag='LOC_ROSETTA_SEVERODVINSK_XSCX_LEADER_JFD_STALIN'     Text='Molotovsk'     Language='en_US'     />
		<Replace Tag='LOC_ROSETTA_SHAKI_XSCX_LEADER_JFD_STALIN'     Text='Nukha'     Language='en_US'     />
		<Replace Tag='LOC_ROSETTA_OKTYABRSKY_XSCX_LEADER_JFD_STALIN'     Text='Pervomayskiy'     Language='en_US'     />
		<Replace Tag='LOC_ROSETTA_VOLGOGRAD_XSCX_LEADER_JFD_STALIN'     Text='Stalingrad'     Language='en_US'     />
		<Replace Tag='LOC_ROSETTA_TSKHINVALI_XSCX_LEADER_JFD_STALIN'     Text='Staliniri'     Language='en_US'     />
		<Replace Tag='LOC_ROSETTA_DONETSK_XSCX_LEADER_JFD_STALIN'     Text='Stalino'     Language='en_US'     />
		<Replace Tag='LOC_ROSETTA_NOVOKUZNETSK_XSCX_LEADER_JFD_STALIN'     Text='Stalinsk'     Language='en_US'     />
		<Replace Tag='LOC_ROSETTA_TOLYATTI_XSCX_LEADER_JFD_STALIN'     Text='Stavropol’-na-Volge'     Language='en_US'     />
		<Replace Tag='LOC_ROSETTA_ELISTA_XSCX_LEADER_JFD_STALIN'     Text='Stepnoy'     Language='en_US'     />
		<Replace Tag='LOC_ROSETTA_YERSHOV_XSCX_LEADER_JFD_STALIN'     Text='Yershovo'     Language='en_US'     />
		<Replace Tag='LOC_ROSETTA_ZERNOGRAD_XSCX_LEADER_JFD_STALIN'     Text='Zernovoy'     Language='en_US'     />
		<Replace Tag='LOC_ROSETTA_LISKI_XSCX_LEADER_JFD_STALIN'     Text='Liski'     Language='en_US'     />
		<!-- Krushchev -->
		<Replace Tag='LOC_ROSETTA_CHERSKY_XSCX_LEADER_LIME_USSR_KHRUSHCHEV'     Text='Cherskiy'     Language='en_US'     />
		<!-- Putin -->
		<Replace Tag='LOC_ROSETTA_KIROV_XSCX_LEADER_JFD_PUTIN'     Text='Kirov'     Language='en_US'     />
		<Replace Tag='LOC_ROSETTA_ULAN_UDE_XSCX_LEADER_JFD_PUTIN'     Text='Ulan-Ude'     Language='en_US'     />
		<Replace Tag='LOC_ROSETTA_WRANGELL_XSCX_LEADER_JFD_PUTIN'     Text='Vrangel’'     Language='en_US'     />
		<Replace Tag='LOC_ROSETTA_ATYRAU_XSCX_LEADER_JFD_PUTIN'     Text='Atyrau'     Language='en_US'     />
		<Replace Tag='LOC_ROSETTA_CHERSKY_XSCX_LEADER_JFD_PUTIN'     Text='Cherskiy'     Language='en_US'     />
		<Replace Tag='LOC_ROSETTA_SALT_LAKE_CITY_XSCX_LEADER_JFD_PUTIN'     Text='Solt-Leyk-Siti'     Language='en_US'     />
		<Replace Tag='LOC_ROSETTA_BABUSHKIN_XSCX_LEADER_JFD_PUTIN'     Text='Babushkin'     Language='en_US'     />
		<Replace Tag='LOC_ROSETTA_YELIZOVO_XSCX_LEADER_JFD_PUTIN'     Text='Yelizovo'     Language='en_US'     />
		<Replace Tag='LOC_ROSETTA_ORAL_XSCX_LEADER_JFD_PUTIN'     Text='Ural’sk'     Language='en_US'     />
		<Replace Tag='LOC_ROSETTA_UST_KAMCHATSK_XSCX_LEADER_JFD_PUTIN'     Text='Ust’-Kamchatsk'     Language='en_US'     />
		<Replace Tag='LOC_ROSETTA_POSHEKHONYE_XSCX_LEADER_JFD_PUTIN'     Text='Poshekhon’ye'     Language='en_US'     />
		<Replace Tag='LOC_ROSETTA_KATH_XSCX_LEADER_JFD_PUTIN'     Text='Berniy'     Language='en_US'     />
		<Replace Tag='LOC_ROSETTA_ANADYR_XSCX_LEADER_JFD_PUTIN'     Text='Anadyr'     Language='en_US'     />
		<Replace Tag='LOC_ROSETTA_BUYNAKSK_XSCX_LEADER_JFD_PUTIN'     Text='Buynaksk'     Language='en_US'     />
		<Replace Tag='LOC_ROSETTA_CHAPAEV_XSCX_LEADER_JFD_PUTIN'     Text='Chapayev'     Language='en_US'     />
		<Replace Tag='LOC_ROSETTA_CHERKESSK_XSCX_LEADER_JFD_PUTIN'     Text='Cherkessk'     Language='en_US'     />
		<Replace Tag='LOC_ROSETTA_DILLINGHAM_XSCX_LEADER_JFD_PUTIN'     Text='Dillingkhem'     Language='en_US'     />
		<Replace Tag='LOC_ROSETTA_DIMITROVGRAD_XSCX_LEADER_JFD_PUTIN'     Text='Dmitrovgrad'     Language='en_US'     />
		<Replace Tag='LOC_ROSETTA_FERGANA_XSCX_LEADER_JFD_PUTIN'     Text='Fergana'     Language='en_US'     />
		<Replace Tag='LOC_ROSETTA_GUS_KHRUSTALNY_XSCX_LEADER_JFD_PUTIN'     Text='Gus’-Khrustal’nyy'     Language='en_US'     />
		<Replace Tag='LOC_ROSETTA_IKI_BURUL_XSCX_LEADER_JFD_PUTIN'     Text='Iki-Burul'     Language='en_US'     />
		<Replace Tag='LOC_ROSETTA_IVANO_FRANKIVSK_XSCX_LEADER_JFD_PUTIN'     Text='Ivano-Frankovsk'     Language='en_US'     />
		<Replace Tag='LOC_ROSETTA_KODIAK_XSCX_LEADER_JFD_PUTIN'     Text='Kad’yak'     Language='en_US'     />
		<Replace Tag='LOC_ROSETTA_KAMYSHIN_XSCX_LEADER_JFD_PUTIN'     Text='Kamyshin'     Language='en_US'     />
		<Replace Tag='LOC_ROSETTA_KARAKOL_XSCX_LEADER_JFD_PUTIN'     Text='Karakol'     Language='en_US'     />
		<Replace Tag='LOC_ROSETTA_KHMELNYTSKYI_XSCX_LEADER_JFD_PUTIN'     Text='Khmel’nitskiy'     Language='en_US'     />
		<Replace Tag='LOC_ROSETTA_SAIGON_XSCX_LEADER_JFD_PUTIN'     Text='Khoshimin'     Language='en_US'     />
		<Replace Tag='LOC_ROSETTA_KOSTANAY_XSCX_LEADER_JFD_PUTIN'     Text='Kostanay'     Language='en_US'     />
		<Replace Tag='LOC_ROSETTA_KROPYVNYTSKYI_XSCX_LEADER_JFD_PUTIN'     Text='Kropivnitskiy'     Language='en_US'     />
		<Replace Tag='LOC_ROSETTA_KROPOTKIN_XSCX_LEADER_JFD_PUTIN'     Text='Kropotkin'     Language='en_US'     />
		<Replace Tag='LOC_ROSETTA_KOZLOV_XSCX_LEADER_JFD_PUTIN'     Text='Michurinsk'     Language='en_US'     />
		<Replace Tag='LOC_ROSETTA_MINERALNYE_VODY_XSCX_LEADER_JFD_PUTIN'     Text='Mineral’nyye Vody'     Language='en_US'     />
		<Replace Tag='LOC_ROSETTA_NOVOMOSKOVSK_XSCX_LEADER_JFD_PUTIN'     Text='Novomoskovsk'     Language='en_US'     />
		<Replace Tag='LOC_ROSETTA_PROKOPYEVSK_XSCX_LEADER_JFD_PUTIN'     Text='Prokop’yevsk'     Language='en_US'     />
		<Replace Tag='LOC_ROSETTA_PUSHKINSKIYE_GORY_XSCX_LEADER_JFD_PUTIN'     Text='Pushkinskiye'     Language='en_US'     />
		<Replace Tag='LOC_ROSETTA_REZEKNE_XSCX_LEADER_JFD_PUTIN'     Text='Rezekne'     Language='en_US'     />
		<Replace Tag='LOC_ROSETTA_RUSSIAN_MISSION_XSCX_LEADER_JFD_PUTIN'     Text='Russkaya Missiya'     Language='en_US'     />
		<Replace Tag='LOC_ROSETTA_SABIRABAD_XSCX_LEADER_JFD_PUTIN'     Text='Sabirabad'     Language='en_US'     />
		<Replace Tag='LOC_ROSETTA_SALEKHARD_XSCX_LEADER_JFD_PUTIN'     Text='Salekhard'     Language='en_US'     />
		<Replace Tag='LOC_ROSETTA_ST_MICHAEL_XSCX_LEADER_JFD_PUTIN'     Text='Sent-Maykl'     Language='en_US'     />
		<Replace Tag='LOC_ROSETTA_SEROV_XSCX_LEADER_JFD_PUTIN'     Text='Serov'     Language='en_US'     />
		<Replace Tag='LOC_ROSETTA_SEVAN_XSCX_LEADER_JFD_PUTIN'     Text='Sevan'     Language='en_US'     />
		<Replace Tag='LOC_ROSETTA_SIRVAN_XSCX_LEADER_JFD_PUTIN'     Text='Shirvan'     Language='en_US'     />
		<Replace Tag='LOC_ROSETTA_SIAULIAI_XSCX_LEADER_JFD_PUTIN'     Text='Shyaulyai'     Language='en_US'     />
		<Replace Tag='LOC_ROSETTA_SORTAVALA_XSCX_LEADER_JFD_PUTIN'     Text='Sortavala'     Language='en_US'     />
		<Replace Tag='LOC_ROSETTA_SYKTYVKAR_XSCX_LEADER_JFD_PUTIN'     Text='Syktyvkar'     Language='en_US'     />
		<Replace Tag='LOC_ROSETTA_TUAPSE_XSCX_LEADER_JFD_PUTIN'     Text='Tuapse'     Language='en_US'     />
		<Replace Tag='LOC_ROSETTA_WASILLA_XSCX_LEADER_JFD_PUTIN'     Text='Uasilla'     Language='en_US'     />
		<Replace Tag='LOC_ROSETTA_VENTSPILS_XSCX_LEADER_JFD_PUTIN'     Text='Ventspils'     Language='en_US'     />
		<Replace Tag='LOC_ROSETTA_VOLKHOV_XSCX_LEADER_JFD_PUTIN'     Text='Volkhov'     Language='en_US'     />
		<Replace Tag='LOC_ROSETTA_VSEVOLOZHSK_XSCX_LEADER_JFD_PUTIN'     Text='Vsevolozhsk'     Language='en_US'     />
		<Replace Tag='LOC_ROSETTA_YAKUTAT_XSCX_LEADER_JFD_PUTIN'     Text='Yakutat'     Language='en_US'     />
		<Replace Tag='LOC_ROSETTA_YANGON_XSCX_LEADER_JFD_PUTIN'     Text='Yangon'     Language='en_US'     />
		<Replace Tag='LOC_ROSETTA_JELGAVA_XSCX_LEADER_JFD_PUTIN'     Text='Yelgava'     Language='en_US'     />
		<Replace Tag='LOC_ROSETTA_YEMVA_XSCX_LEADER_JFD_PUTIN'     Text='Yemva'     Language='en_US'     />
		<Replace Tag='LOC_ROSETTA_YUZHNO_SAKHALINSK_XSCX_LEADER_JFD_PUTIN'     Text='Yuzhno-Sakhalinsk'     Language='en_US'     />
		<Replace Tag='LOC_ROSETTA_ZELENOKUMSK_XSCX_LEADER_JFD_PUTIN'     Text='Zelenokumsk'     Language='en_US'     />
		<Replace Tag='LOC_ROSETTA_RYBINSK_XSCX_LEADER_JFD_PUTIN'     Text='Rybinsk'     Language='en_US'     />
		<Replace Tag='LOC_ROSETTA_YERSHOV_XSCX_LEADER_JFD_PUTIN'     Text='Yershov'     Language='en_US'     />
		<Replace Tag='LOC_ROSETTA_LISKI_XSCX_LEADER_JFD_PUTIN'     Text='Liski'     Language='en_US'     />
		<Replace Tag='LOC_ROSETTA_BRATISLAVA_XSCX_LEADER_JFD_PUTIN'     Text='Bratislava'     Language='en_US'     />
		<!-- Charles I/V -->
		<Replace Tag='LOC_ROSETTA_PENSACOLA_XSCX_LEADER_SC_CHARLES'     Text='Santa María de Ochuse'     Language='en_US'     />
		<Replace Tag='LOC_ROSETTA_MORELIA_XSCX_LEADER_SC_CHARLES'     Text='Valladolid'     Language='en_US'     />
		<Replace Tag='LOC_ROSETTA_CAMANA_XSCX_LEADER_SC_CHARLES'     Text='Villa de San Miguel de Ribera'     Language='en_US'     />
		<!-- Late Spanish -->
		<Replace Tag='LOC_ROSETTA_SAN_FRANCISCO_XSCX_LATE_SPANISH'     Text='San Francisco'     Language='en_US'     />
		<Replace Tag='LOC_ROSETTA_SANTA_FE_DE_ANTIOQUIA_XSCX_LATE_SPANISH'     Text='Santa Fe de Antioquia'     Language='en_US'     />
		<!-- Porfirio -->
		<Replace Tag='LOC_ROSETTA_PIEDRAS_NEGRAS_XSCX_LEADER_LEU_PORFIRIO'     Text='Ciudad Porfirio Díaz'     Language='en_US'     />
		<Replace Tag='LOC_ROSETTA_PUERTO_VALLARTA_XSCX_LEADER_LEU_PORFIRIO'     Text='Las Peñas'     Language='en_US'     />
		<Replace Tag='LOC_ROSETTA_PACHUCA_XSCX_LEADER_LEU_PORFIRIO'     Text='Pachuca de Guerrero'     Language='en_US'     />
		<Replace Tag='LOC_ROSETTA_COATZACOALCOS_XSCX_LEADER_LEU_PORFIRIO'     Text='Puerto México'     Language='en_US'     />
		<!-- Obregón -->
		<Replace Tag='LOC_ROSETTA_COATZACOALCOS_XSCX_LEADER_LEU_OBREGON'     Text='Puerto México'     Language='en_US'     />
		<!-- Francisco Franco -->
		<Replace Tag='LOC_ROSETTA_HERAKLION_XSCX_LEADER_FRANCISCO_FRANCO'     Text='Heraclión'     Language='en_US'     />
		<Replace Tag='LOC_ROSETTA_CEBU_XSCX_LEADER_FRANCISCO_FRANCO'     Text='Cebú'     Language='en_US'     />
		<Replace Tag='LOC_ROSETTA_FERROL_XSCX_LEADER_FRANCISCO_FRANCO'     Text='Ferrol del Caudillo'     Language='en_US'     />
		<Replace Tag='LOC_ROSETTA_JAUJA_XSCX_LEADER_FRANCISCO_FRANCO'     Text='Jauja'     Language='en_US'     />
		<Replace Tag='LOC_ROSETTA_LONG_BEACH_XSCX_LEADER_FRANCISCO_FRANCO'     Text='Long Beach'     Language='en_US'     />
		<Replace Tag='LOC_ROSETTA_MARRAKESH_XSCX_LEADER_FRANCISCO_FRANCO'     Text='Marrakech'     Language='en_US'     />
		<Replace Tag='LOC_ROSETTA_PASAY_XSCX_LEADER_FRANCISCO_FRANCO'     Text='Pásay'     Language='en_US'     />
		<Replace Tag='LOC_ROSETTA_PENSACOLA_XSCX_LEADER_FRANCISCO_FRANCO'     Text='Pensacola'     Language='en_US'     />
		<Replace Tag='LOC_ROSETTA_SAIPAN_XSCX_LEADER_FRANCISCO_FRANCO'     Text='Saipán'     Language='en_US'     />
		<Replace Tag='LOC_ROSETTA_SAN_FRANCISCO_XSCX_LEADER_FRANCISCO_FRANCO'     Text='San Francisco'     Language='en_US'     />
		<Replace Tag='LOC_ROSETTA_SUCRE_XSCX_LEADER_FRANCISCO_FRANCO'     Text='Sucre'     Language='en_US'     />
		<Replace Tag='LOC_ROSETTA_AL_HOCEIMA_XSCX_LEADER_FRANCISCO_FRANCO'     Text='Vila Alhucemas'     Language='en_US'     />
		<Replace Tag='LOC_ROSETTA_WRANGELL_XSCX_LEADER_FRANCISCO_FRANCO'     Text='Wrangell'     Language='en_US'     />
		<Replace Tag='LOC_ROSETTA_MALABON_XSCX_LEADER_FRANCISCO_FRANCO'     Text='Malabón'     Language='en_US'     />
		<Replace Tag='LOC_ROSETTA_ENSENADA_XSCX_LEADER_FRANCISCO_FRANCO'     Text='Ensenada'     Language='en_US'     />
		<Replace Tag='LOC_ROSETTA_NAGA_XSCX_LEADER_FRANCISCO_FRANCO'     Text='Naga'     Language='en_US'     />
		<!-- Parakramabahu -->
		<Replace Tag='LOC_ROSETTA_GALLE_XSCX_LEADER_SNC_PARAKRAMABAHU'     Text='Gimhathitha'     Language='en_US'     />
		<Replace Tag='LOC_ROSETTA_TRINCOMALEE_XSCX_LEADER_SNC_PARAKRAMABAHU'     Text='Gokanna'     Language='en_US'     />
		<Replace Tag='LOC_ROSETTA_KELANIYA_XSCX_LEADER_SNC_PARAKRAMABAHU'     Text='Kalyani'     Language='en_US'     />
		<Replace Tag='LOC_ROSETTA_TISSAMAHARAMA_XSCX_LEADER_SNC_PARAKRAMABAHU'     Text='Magampura'     Language='en_US'     />
		<Replace Tag='LOC_ROSETTA_MATARA_XSCX_LEADER_SNC_PARAKRAMABAHU'     Text='Mahathota'     Language='en_US'     />
		<Replace Tag='LOC_ROSETTA_MANNAR_XSCX_LEADER_SNC_PARAKRAMABAHU'     Text='Mahatittha'     Language='en_US'     />
		<Replace Tag='LOC_ROSETTA_PANDUWASNUWARA_XSCX_LEADER_SNC_PARAKRAMABAHU'     Text='Parakramapura'     Language='en_US'     />
		<!-- Ramkhamhaeng -->
		<Replace Tag='LOC_ROSETTA_BANGKOK_XSCX_LEADER_SUK_RAMKHAMHAENG'     Text='Bang Makok'     Language='en_US'     />
		<Replace Tag='LOC_ROSETTA_LUANG_PRABANG_XSCX_LEADER_SUK_RAMKHAMHAENG'     Text='Chiang Thong'     Language='en_US'     />
		<Replace Tag='LOC_ROSETTA_SIKHOTTABONG_XSCX_LEADER_SUK_RAMKHAMHAENG'     Text='Mueang Kabong'     Language='en_US'     />
		<Replace Tag='LOC_ROSETTA_PHUKET_XSCX_LEADER_SUK_RAMKHAMHAENG'     Text='Thalang'     Language='en_US'     />
		<Replace Tag='LOC_ROSETTA_UTTARADIT_XSCX_LEADER_SUK_RAMKHAMHAENG'     Text='Bang Pho'     Language='en_US'     />
		<!-- Chulalongkorn -->
		<Replace Tag='LOC_ROSETTA_UTTARADIT_XSCX_LEADER_SUK_CHULALONGKORN'     Text='Bang Pho'     Language='en_US'     />
		<!-- Llywelyn -->
		<Replace Tag='LOC_ROSETTA_ABERGWYNGREGYN_XSCX_LEADER_JFD_LLYWELYN'     Text='Aber Garth Celyn'     Language='en_US'     />

	</LocalizedText>
</GameData>